first name,last name,image_href,gender,age,birthdate_x,birthdate_y,Zodiac Name,occupation,hometown,entered,left,status,spouses,children
Jessica,Hayes,https://static.wikia.nocookie.net/loveisland/images/a/ac/S1_Jessica_Hayes.jpg/revision/latest?cb=20200628152216,Female,31,"April 22, 1993",22-04-1993,Taurus,Model,"Oxford, England",Day 1,Day 41,Winner,Zeb (fiancé),"Presley (son, b. 2019)"
Max,Morley,https://static.wikia.nocookie.net/loveisland/images/e/ea/S1_Max_Morley.jpg/revision/latest?cb=20200628154739,Male,31,"January 24, 1993",24-01-1993,Aquarius,Professional cricketer,"Huddersfield, England",Day 14,Day 41,Winner,,
Hannah,Elizabeth,https://static.wikia.nocookie.net/loveisland/images/0/0b/All_Stars_Hannah_Elizabeth.jpg/revision/latest?cb=20240118211845,Female,34,"March 9, 1990",09-03-1990,Pisces,Model and Playboy bunny,"Liverpool, England",Day 1,Day 41,Runner-Up,,"Reggie (son, b. 2019)"
Jon,Clark,https://static.wikia.nocookie.net/loveisland/images/6/6b/S1_Jon_Clark.jpg/revision/latest?cb=20190801162541,Male,34,"September 6, 1989",06-09-1989,Virgo,Builder,"Essex, England",Day 1,Day 41,Runner-Up,,
Josh,Ritchie,https://static.wikia.nocookie.net/loveisland/images/1/1d/All_Stars_Josh_Ritchie.jpg/revision/latest?cb=20240120023203,Male,29,"May 21, 1994",21-05-1994,Gemini,Joiner,"Bolton, England",Day 1,Day 41,3rd Place,,
Lauren,Richardson,https://static.wikia.nocookie.net/loveisland/images/d/df/S1_Lauren_Richardson.jpg/revision/latest?cb=20190801162551,Female,35,"January 29, 1989",29-01-1989,Aquarius,Community sports officer (former)PE Teacher,"East London, England",Day 1,Day 41,3rd Place,,
Cally Jane,Beech,https://static.wikia.nocookie.net/loveisland/images/5/54/S1_Cally_Jane_Beech.jpg/revision/latest?cb=20200630095904,Female,32,"October 1, 1991",01-10-1991,Libra,Dental Nurse,"Kingston upon Hull, England",Day 21,Day 41,4th Place,DJ O'Neal (fiancé),"Vienna (daughter, b. 2017)"
Luis,Morrison,https://static.wikia.nocookie.net/loveisland/images/8/80/All_Stars_Luis_Morrison.jpg/revision/latest?cb=20240118211848,Male,29,"July 22, 1994",22-07-1994,Cancer,Football Player,"London, England",Day 1,Day 41,4th Place,,"Vienna (daughter, b. 2017)Romeo (son, b. 2022)"
Jordan,Ring,https://static.wikia.nocookie.net/loveisland/images/d/d4/S1_Jordan_Ring.jpg/revision/latest?cb=20190801162558,Male,40,"June 29, 1983",29-06-1983,Cancer,Hotel Groundsman,"Gloucester, England",Day 1,Day 35,Dumped,,
Zoe Basia,Brown,https://static.wikia.nocookie.net/loveisland/images/6/6b/S1_Zoe_Basia_Brown.jpg/revision/latest?cb=20190801162559,Female,33,"November 26, 1990",26-11-1990,Sagittarius,Model,"South London, England",Day 1,Day 35,Dumped,,
Ben,Porter,https://static.wikia.nocookie.net/loveisland/images/1/1e/S1_Ben_Porter.jpg/revision/latest?cb=20200630092023,Male,32,"June 10, 1991",10-06-1991,Gemini,Junior Manager,"Wakefield, England",Day 32,Day 33,Dumped,,"Jaxon (son, b. 2019)"
Poppy,Farnan,https://static.wikia.nocookie.net/loveisland/images/c/ce/S1_Poppy_Farnan.jpg/revision/latest?cb=20200630100317,Female,30,"June 12, 1993",12-06-1993,Gemini,Online boutique owner,"Cheshire, England",Day 32,Day 33,Dumped,,
Naomi,Ball,https://static.wikia.nocookie.net/loveisland/images/8/86/S1_Naomi_Ball.jpg/revision/latest?cb=20200630100316,Female,32,"July 2, 1991",02-07-1991,Cancer,Operations manager,"East London, England",Day 7,Day 28,Dumped,,
Travis,Almond,https://static.wikia.nocookie.net/loveisland/images/2/2a/S1_Travis_Almond.jpg/revision/latest?cb=20200630092024,Male,31,"January 19, 1993",19-01-1993,Capricorn,"PT, Butler in the Buff and Bouncer","Essex, England",Day 21,Day 28,Dumped,,
Omar,Sultani,https://static.wikia.nocookie.net/loveisland/images/1/11/S1_Omar_Sultani.jpg/revision/latest?cb=20190801162553,Male,31,"November 15, 1992",15-11-1992,Scorpio,IT Recruiter,"Warwickshire, England",Day 1,Day 21,Dumped,,
Bethany,Rogers,https://static.wikia.nocookie.net/loveisland/images/8/82/S1_Bethany_Rogers.jpg/revision/latest?cb=20200630091257,Female,28,"December 20, 1995",20-12-1995,Sagittarius,,"Leeds, England",Day 14,Day 21,Dumped,,Heidi Rose (daughter)
Daisy,Muller,https://static.wikia.nocookie.net/loveisland/images/4/44/S1_Daisy_Muller.jpg/revision/latest?cb=20200630090323,Female,33,"November 14, 1990",14-11-1990,Scorpio,Model,"Birmingham, England",Day 7,Day 19,Dumped,,
Chris,Williamson,https://static.wikia.nocookie.net/loveisland/images/8/82/S1_Chris_Williamson.jpg/revision/latest?cb=20190801162555,Male,36,"November 28, 1987",28-11-1987,Sagittarius,Model and club promoter,"Newcastle, England",Day 1,Day 19,Dumped,,
Chris,Baxter,https://static.wikia.nocookie.net/loveisland/images/a/aa/S1_Chris_Baxter.jpg/revision/latest?cb=20200628155956,Male,29,"August 8, 1994",08-08-1994,Leo,Personal Trainer,"London, England",Day 11,Day 14,Dumped,,
Danielle,Pyne,https://static.wikia.nocookie.net/loveisland/images/b/ba/S1_Danielle_Pyne.jpg/revision/latest?cb=20190801162550,Female,32,"September 10, 1991",10-09-1991,Virgo,West End Marketing Executive,"London, England",Day 1,Day 14,Dumped,,
Rachel,Christie,https://static.wikia.nocookie.net/loveisland/images/9/9e/S1_Rachel_Christie.jpg/revision/latest?cb=20190801162554,Female,35,"July 24, 1988",24-07-1988,Leo,Former athlete and model,"London, England",Day 1,Day 11,Dumped,,
John,Alberti,https://static.wikia.nocookie.net/loveisland/images/9/9c/S1_Tony_and_John_Alberti.jpg/revision/latest?cb=20200628155424,Male,37,"May 6, 1986",06-05-1986,Taurus,Property developer,"Manchester, England",Day 3,Day 6,Dumped,,
Tony,Alberti,https://static.wikia.nocookie.net/loveisland/images/9/9c/S1_Tony_and_John_Alberti.jpg/revision/latest?cb=20200628155424,Male,37,"May 6, 1986",06-05-1986,Taurus,Property developer,"Manchester, England",Day 3,Day 6,Dumped,,
Cara De La,Hoyde-Massey,https://static.wikia.nocookie.net/loveisland/images/c/c7/S2_Cara_De_La_Hoyde.jpg/revision/latest?cb=20200129233836,Female,33,"July 10, 1990",10-07-1990,Cancer,International Circus performer,"Kent, England",Day 1,Day 45,Winner,"Nathan Massey (husband, m. 2019)","Freddie-George (son, b. 2017)Delilah (daughter, b. 2020)"
Nathan,Massey,https://static.wikia.nocookie.net/loveisland/images/7/77/S2_Nathan_Massey.jpg/revision/latest?cb=20200129233837,Male,31,"June 27, 1992",27-06-1992,Cancer,Carpenter,"Essex, England",Day 1,Day 45,Winner,"Cara De La Hoyde (wife, m. 2019)","Freddie-George (son, b. 2017)Delilah (b. 2020)"
Alex,Bowen,https://static.wikia.nocookie.net/loveisland/images/1/17/S2_Alex_Bowen.png/revision/latest?cb=20200701211520,Male,32,"July 23, 1991",23-07-1991,Leo,Scaffolder,"Birmingham, England",Day 18,Day 45,Runner-Up,"Olivia Buckland (wife, m. 2018)","Abel (son, b. 2022)"
Olivia,Bowen,https://static.wikia.nocookie.net/loveisland/images/9/98/S2_Olivia_Buckland.jpg/revision/latest?cb=20200129233837,Female,30,"January 3, 1994",03-01-1994,Capricorn,Sales Executive,"Essex, England",Day 1,Day 45,Runner-Up,"Alex Bowen (husband, m. 2018)","Abel (son, b. 2022)"
Kady,McDermott,https://static.wikia.nocookie.net/loveisland/images/0/0f/S10_Kady_McDermott.jpg/revision/latest?cb=20230626083806,Female,28,"September 4, 1995",04-09-1995,Virgo,Makeup Artist,"Stevenage, England",Day 3,Day 45,3rd Place,,
Kady,McDermott,https://static.wikia.nocookie.net/loveisland/images/0/0f/S10_Kady_McDermott.jpg/revision/latest?cb=20230626083806,Female,28,"September 4, 1995",04-09-1995,Virgo,Makeup Artist,"Stevenage, England",Day 3,Day 45,3rd Place,,
Scott,Thomas,https://static.wikia.nocookie.net/loveisland/images/c/c2/S2_Scott_Thomas.jpg/revision/latest?cb=20200129233837,Male,35,"August 11, 1988",11-08-1988,Leo,Club promoter,"Manchester, England",Day 1,Day 45,3rd Place,,
Adam,Maxted,https://static.wikia.nocookie.net/loveisland/images/3/34/All_Stars_Adam_Maxted.jpg/revision/latest?cb=20240212214423,Male,32,"March 27, 1992",27-03-1992,Aries,Personal Trainer,"Belfast, Northern Ireland",Day 11,Day 45,4th Place,,
Katie,Salmon,https://static.wikia.nocookie.net/loveisland/images/9/9b/S2_Katie_Salmon.jpg/revision/latest?cb=20200709122355,Female,28,"November 24, 1995",24-11-1995,Sagittarius,Model,"Liverpool, England",Day 34,Day 45,4th Place,,"Thaiga Dean (daughter, b. 2022)"
Emma Jane,Woodham,https://static.wikia.nocookie.net/loveisland/images/f/f7/S2_Emma_Jane_Woodham.jpg/revision/latest?cb=20200709122354,Female,27,"November 30, 1996",30-11-1996,Sagittarius,Trainee Project Manager,"Oxford, England",Day 27,Day 41,Dumped,,"Alfie (son, b. 2018)"
Terry,Walsh,https://static.wikia.nocookie.net/loveisland/images/f/f3/S2_Terry_Walsh.jpg/revision/latest?cb=20200709122356,Male,35,"July 4, 1988",04-07-1988,Cancer,Carpenter,"Surrey, England",Day 3,Day 41,Dumped,,
Adam,Jukes,https://static.wikia.nocookie.net/loveisland/images/a/a3/S2_Adam_Jukes.jpg/revision/latest?cb=20200709122351,Male,31,"July 11, 1992",11-07-1992,Cancer,Recruitment Consultant,"Manchester, England",Day 34,Day 41,Dumped,,
Lauren,Whiteside,https://static.wikia.nocookie.net/loveisland/images/2/24/S2_Lauren_Whiteside.jpg/revision/latest?cb=20200709121603,Female,33,"July 6, 1990",06-07-1990,Cancer,Events Manager,"Blackpool, England",Day 37,Day 41,Dumped,,
Tina,Stinnes,https://static.wikia.nocookie.net/loveisland/images/2/2f/S2_Tina_Stinnes.jpg/revision/latest?cb=20200709115609,Female,29,"February 25, 1995",25-02-1995,Pisces,Student,"London, England",Day 20,Day 40,Dumped,,
Sophie,Gradon,https://static.wikia.nocookie.net/loveisland/images/f/ff/S2_Sophie_Gradon.jpg/revision/latest?cb=20200129233839,Female,,"October 25, 1985",25-10-1985,Scorpio,International Circus performer,"Kent, England",Day 1,Day 39,Walked,,
Troy,Frith,https://static.wikia.nocookie.net/loveisland/images/4/43/S2_Troy_Frith.jpg/revision/latest?cb=20200709115610,Male,30,"September 10, 1993",10-09-1993,Virgo,Salesman,"Kent, England",Day 30,Day 37,Dumped,,
Tom,Powell,https://static.wikia.nocookie.net/loveisland/images/8/87/S2_Tom_Powell.jpg/revision/latest?cb=20200129233837,Male,32,"December 26, 1991",26-12-1991,Capricorn,Barman and fitness instructor,"Port Talbot, Wales",Day 1,Day 33,Dumped,,
Liana Isadora Van,Riel,https://static.wikia.nocookie.net/loveisland/images/8/81/S2_Liana_Isadora_Van_Riel.jpg/revision/latest?cb=20200709115608,Female,28,"August 9, 1995",09-08-1995,Leo,Stripper,"Exeter, England",Day 20,Day 33,Dumped,,
Oliver Maxwell,Fernandez,https://static.wikia.nocookie.net/loveisland/images/0/0b/S2_Oliver_Maxwell_Fernandez.jpg/revision/latest?cb=20200709113231,Male,,,,Capricorn,Model,"Hertfordshire, England",Day 30,Day 31,Dumped,,
Malin,Andersson,https://static.wikia.nocookie.net/loveisland/images/2/2e/S2_Malin_Andersson.jpg/revision/latest?cb=20200703183755,Female,31,"October 20, 1992",20-10-1992,Libra,Makeup Artist,"Bedfordshire, England",Day 1,Day 25,Dumped,,"Consy (daughter, b. 2018) †Xaya (daughter, b. 2022)"
Zara,Holland,https://static.wikia.nocookie.net/loveisland/images/4/4a/S2_Zara_Holland.jpg/revision/latest?cb=20200703183756,Female,28,"August 24, 1995",24-08-1995,Virgo,Former Miss GB,"Hull, England",Day 1,Day 22,Walked,,
James,Khan,https://static.wikia.nocookie.net/loveisland/images/c/c0/S2_James_Khan.jpg/revision/latest?cb=20200703183752,Male,27,"May 3, 1996",03-05-1996,Taurus,NewsAgent,"Teddington, England",Day 18,Day 20,Dumped,,
Rykard,Jenkins,https://static.wikia.nocookie.net/loveisland/images/9/9c/S2_Rykard_Jenkins.jpg/revision/latest?cb=20200703181448,Male,33,"March 10, 1991",10-03-1991,Pisces,Personal Trainer,"Kent, England",Day 1,Day 15,Walked,,
Daniel,Lukakis,https://static.wikia.nocookie.net/loveisland/images/5/53/S2_Daniel_Lukakis.jpg/revision/latest?cb=20200129233831,Male,31,"January 24, 1992",24-01-1992,Aquarius,Model,"London, England",Day 1,Day 15,Dumped,,
Rachel,Fenton,https://static.wikia.nocookie.net/loveisland/images/9/97/S2_Rachel_Fenton.jpg/revision/latest?cb=20200703181449,Female,31,"September 18, 1992",18-09-1992,Virgo,Nurse,"Hampshire, England",Day 7,Day 15,Dumped,,
Malia,Arkian,https://static.wikia.nocookie.net/loveisland/images/0/07/S2_Malia_Arkian.jpg/revision/latest?cb=20200701210735,Female,34,"June 24, 1989",24-06-1989,Cancer,Singer,"Wilmslow, England",Day 7,Day 7,Removed,,"Halo (daughter, b. 2019)"
Javi,Shephard,https://static.wikia.nocookie.net/loveisland/images/4/42/S2_Javi_Shephard.jpg/revision/latest?cb=20200129233837,Male,34,"May 12, 1989",12-05-1989,Taurus,Surveyor,"York, England",Day 1,Day 6,Dumped,,
Amber,Davies,https://static.wikia.nocookie.net/loveisland/images/c/cb/S3_Amber_Davies.jpg/revision/latest?cb=20191018161810,Female,27,"October 4, 1996",04-10-1996,Libra,Dancer,"North Wales, Wales",Day 1,Day 52,Winner,,
Kem,Cetinay,https://static.wikia.nocookie.net/loveisland/images/2/24/S3_Kem_Cetinay.jpg/revision/latest?cb=20191018191558,Male,28,"April 25, 1996",25-04-1996,Taurus,Hairdresser,"Essex, England",Day 1,Day 52,Winner,,
Camilla,Thurlow,https://static.wikia.nocookie.net/loveisland/images/9/9d/S3_Camilla_Thurlow.jpg/revision/latest?cb=20191018160906,Female,34,"July 9, 1989",09-07-1989,Cancer,Explosive Ordnance Disposal,"Dumfries, Scotland",Day 1,Day 52,Runner-Up,"Jamie Jewitt (husband, m. 2021)","Nell (daughter, b. 2020)Nora (daughter, b. 2022)unborn son (due 2024)"
Jamie,Jewitt,https://static.wikia.nocookie.net/loveisland/images/2/22/S3_Jamie_Jewitt.jpg/revision/latest?cb=20191018191543,Male,33,"May 6, 1990",06-05-1990,Taurus,,"Essex, England",Day 32,Day 52,Runner-Up,"Camilla Thurlow (wife, m. 2021)","Nell (daughter, b. 2020)Nora (daughter, b. 2022)unborn son (due 2024)"
Chris,Hughes,https://static.wikia.nocookie.net/loveisland/images/2/2d/S3_Chris_Hughes.jpg/revision/latest?cb=20200130022604,Male,31,"December 22, 1992",22-12-1992,Capricorn,Model,"Cheltenham, England",Day 4,Day 52,3rd Place,,
Olivia,Attwood,https://static.wikia.nocookie.net/loveisland/images/b/b9/S3_Olivia_Attwood.jpg/revision/latest?cb=20200130022754,Female,32,"May 2, 1991",02-05-1991,Taurus,Motorsport Grid Girl,"Surrey, England",Day 1,Day 52,3rd Place,"Bradley Dack (husband, m. 2023)",
Gabby,Allen,https://static.wikia.nocookie.net/loveisland/images/f/f3/S3_Gabby_Allen.jpg/revision/latest?cb=20191018155817,Female,32,"February 6, 1992",06-02-1992,Aquarius,Dancer,"Liverpool, England",Day 7,Day 52,4th Place,,
Marcel,Somerville,https://static.wikia.nocookie.net/loveisland/images/9/9e/S3_Marcel_Somerville.jpg/revision/latest?cb=20200130022731,Male,38,"January 7, 1986",07-01-1986,Capricorn,Singer,"London, England",Day 1,Day 52,4th Place,"Rebecca Vieira (wife, m. 2022)","Roman (son, b. 2021)"
Alex,Beattie,https://static.wikia.nocookie.net/loveisland/images/c/c9/S3_Alex_Beattie.jpg/revision/latest?cb=20200130022551,Male,29,"November 6, 1994",06-11-1994,Scorpio,Personal Trainer,"Newcastle, England",Day 26,Day 50,Dumped,,
Montana,Brown,https://static.wikia.nocookie.net/loveisland/images/4/49/S3_Montana_Brown.jpg/revision/latest?cb=20200130022753,Female,28,"August 29, 1995",29-08-1995,Virgo,Student,"Hertfordshire, England",Day 1,Day 50,Dumped,Mark O'Connor (fiancé),unborn child (due 2023)
Georgia,Harrison,https://static.wikia.nocookie.net/loveisland/images/2/22/All_Stars_Georgia_Harrison.jpg/revision/latest?cb=20240118211843,Female,29,"December 12, 1994",12-12-1994,Sagittarius,PA,"Essex, England",Day 34,Day 46,Dumped,,
Sam,Gowland,https://static.wikia.nocookie.net/loveisland/images/3/34/S3_Sam_Gowland.jpg/revision/latest?cb=20200130022806,Male,28,"August 2, 1995",02-08-1995,Leo,Oil Rig Worker,"Middlesbrough, England",Day 1Day 39 (re-entered),Day 23Day 46 (re-dumped),Dumped,,
Mike,Thalassitis,https://static.wikia.nocookie.net/loveisland/images/7/70/S3_Mike_Thalassitis.jpg/revision/latest?cb=20191018195615,Male,,"January 19, 1993",19-01-1993,Capricorn,Football Player,"North London, England",Day 12Day 39 (Re-entered),Day 17Day 44 (Re-dumped),Dumped,,
Tyla,Carr,https://static.wikia.nocookie.net/loveisland/images/a/a9/S3_Tyla_Carr.jpg/revision/latest?cb=20191018201819,Female,31,"January 29, 1993",29-01-1993,Aquarius,Model,"Surrey, England",Day 19,Day 44,Dumped,,"Archie (son, b. 2018)"
Theo,Campbell,https://static.wikia.nocookie.net/loveisland/images/d/df/S3_Theo_Campbell.jpg/revision/latest?cb=20200130022848,Male,32,"July 14, 1991",14-07-1991,Cancer,Athlete,"Bath, England",Day 32,Day 41,Dumped,,"Aries (son, b. 2021)"
Jonny,Mitchell,https://static.wikia.nocookie.net/loveisland/images/2/24/S3_Jonny_Mitchell.jpg/revision/latest?cb=20191018195612,Male,33,"February 21, 1991",21-02-1991,Pisces,Business director,"Essex, England",Day 4,Day 38,Dumped,,
Craig,Lawson,https://static.wikia.nocookie.net/loveisland/images/7/79/S3_Craig_Lawson.jpg/revision/latest?cb=20200630102239,Male,33,"July 31, 1990",31-07-1990,Leo,Personal Trainer,"London, England",Day 26,Day 31,Dumped,,three unnamed sons
Nathan,Joseph,https://static.wikia.nocookie.net/loveisland/images/6/68/S3_Nathan_Joseph.jpg/revision/latest?cb=20190807212124,Male,32,"February 1, 1992",01-02-1992,Aquarius,Salesman,"Essex, England",Day 26,Day 31,Dumped,,
Danielle,Sellers,https://static.wikia.nocookie.net/loveisland/images/8/8c/S3_Danielle_Sellers.jpg/revision/latest?cb=20190807212116,Female,28,"May 14, 1995",14-05-1995,Taurus,Model,"Hastings, England",Day 26,Day 31,Dumped,,
Chyna,Ellis,https://static.wikia.nocookie.net/loveisland/images/f/fa/S3_Chyna_Ellis.jpg/revision/latest?cb=20191018202540,Female,29,"August 24, 1994",24-08-1994,Virgo,Fashion Stylist,"Essex, England",Day 26,Day 31,Dumped,,
Amelia,Peters,https://static.wikia.nocookie.net/loveisland/images/7/7d/S3_Amelia_Peters.jpg/revision/latest?cb=20190807212111,Female,25,"November 8, 1998",08-11-1998,Scorpio,ModelTeaching assistant,"London, England",Day 26,Day 28,Dumped,,
Dominic,Lever,https://static.wikia.nocookie.net/loveisland/images/6/6f/S3_Dom_Lever.jpg/revision/latest?cb=20191018195610,Male,33,"January 24, 1991",24-01-1991,Aquarius,Careers Advisor,"Manchester, England",Day 1,Day 28,Dumped,"Jessica Shears (wife, m. 2018)",Presley (b. 2020)unnamed baby boy (b. 2022)
Ellisha-Jade,White,https://static.wikia.nocookie.net/loveisland/images/0/0d/S3_Ellisha-Jade_White.jpg/revision/latest?cb=20200130022706,Female,29,"July 31, 1994",31-07-1994,Leo,Entrepreneur and blogger,"Southampton, England",Day 26,Day 28,Dumped,,
Marino,Katsouris,https://static.wikia.nocookie.net/loveisland/images/f/f8/S3_Marino_Katsouris.jpg/revision/latest?cb=20190807212120,Male,29,"December 10, 1994",10-12-1994,Sagittarius,Personal Trainer,"Brighton, England",Day 26,Day 28,Dumped,,
Rob,Lipsett,https://static.wikia.nocookie.net/loveisland/images/6/6c/S3_Rob_Lipsett.jpg/revision/latest?cb=20200130022552,Male,32,"January 17, 1992",17-01-1992,Capricorn,Entrepreneur,"Dublin, Ireland",Day 26,Day 28,Dumped,,
Shannen,McGrath,https://static.wikia.nocookie.net/loveisland/images/2/26/S3_Shannen_McGrath.jpg/revision/latest?cb=20190807212129,Female,30,"January 5, 1994",05-01-1994,Capricorn,,"Dublin, Ireland",Day 26,Day 28,Dumped,,
Steve,Ball,https://static.wikia.nocookie.net/loveisland/images/7/7c/S3_Steve_Ball.jpg/revision/latest?cb=20190807212133,Male,,,,Capricorn,Plumber,"Wiltshire, England",Day 26,Day 28,Dumped,,
Simon,Searles,https://static.wikia.nocookie.net/loveisland/images/3/3d/S3_Simon_Searles.jpg/revision/latest?cb=20190807220944,Male,36,"March 15, 1988",15-03-1988,Pisces,Barber,"Leeds, England",Day 19,Day 25,Dumped,,
Chloë,Crowhurst,https://static.wikia.nocookie.net/loveisland/images/f/f6/S3_Chloe_Crowhurst.jpg/revision/latest?cb=20191018193537,Female,27,"December 17, 1996",17-12-1996,Sagittarius,Executive Assistant,"Essex, England",Day 1,Day 23,Dumped,,
Jessica,Lever,https://static.wikia.nocookie.net/loveisland/images/2/2d/S3_Jessica_Shears.jpg/revision/latest?cb=20191018193539,Female,30,"June 11, 1993",11-06-1993,Gemini,Model,"Devon, England",Day 1,Day 17,Dumped,"Dom Lever (husband, m. 2018)",Presley (b. 2020)unnamed baby boy (b. 2022)
Tyne-Lexy,Clarson,https://static.wikia.nocookie.net/loveisland/images/e/e0/S3_Tyne-Lexy_Clarson.jpg/revision/latest?cb=20191018155039,Female,27,"February 2, 1997",02-02-1997,Aquarius,Student,"Birmingham, England",Day 7,Day 14,Dumped,,
Harley,Judge,https://static.wikia.nocookie.net/loveisland/images/d/d8/S3_Harley_Judge.jpg/revision/latest?cb=20191018195611,Male,29,"September 8, 1994",08-09-1994,Virgo,GroundsWorker,"Norwich, England",Day 1,Day 6,Dumped,,
Dani,Dyer,https://static.wikia.nocookie.net/loveisland/images/2/2c/S4_Dani_Dyer.jpg/revision/latest?cb=20240117233218,Female,27,"August 8, 1996",08-08-1996,Leo,Barmaid,"East London, England",Day 1,Day 59,Winner,,"Santiago (son, b. 2021)Summer (daughter, b. 2023)Starr (daughter, b. 2023)"
Jack,Fincham,https://static.wikia.nocookie.net/loveisland/images/5/56/S4_Jack_Fincham.jpg/revision/latest?cb=20240117233249,Male,31,"May 9, 1992",09-05-1992,Taurus,Stationary Sales Manager,"Kent, England",Day 1,Day 59,Winner,,Blossom (daughter)[1]
Laura,Anderson,https://static.wikia.nocookie.net/loveisland/images/e/e9/S4_Laura_Anderson.jpg/revision/latest?cb=20180621215416,Female,35,"April 27, 1989",27-04-1989,Taurus,Air Hostess,"Stirling, Scotland",Day 1,Day 59,Runner-Up,,"Bonnie Rose (daughter, b. 2023)"
Paul,Knops,https://static.wikia.nocookie.net/loveisland/images/6/6a/S4_Paul_Knops.jpg/revision/latest?cb=20180717164610,Male,37,"November 11, 1986",11-11-1986,Scorpio,ModelCarpenter (former),"Bournemouth, England",Day 43,Day 59,Runner-Up,,
Josh,Denzel,https://static.wikia.nocookie.net/loveisland/images/6/60/S4_Josh_Denzel.jpg/revision/latest?cb=20180621221956,Male,32,"June 22, 1991",22-06-1991,Cancer,,"London, England",Day 8,Day 59,3rd Place,,
Kaz,Crossley,https://static.wikia.nocookie.net/loveisland/images/f/fe/S4_Kazimir_Crossley.jpg/revision/latest?cb=20180629154658,Female,30,"January 19, 1994",19-01-1994,Capricorn,Model,"London, England",Day 26,Day 59,3rd Place,,
Megan Barton,Hanson,https://static.wikia.nocookie.net/loveisland/images/b/b1/LIG_Megan_Barton_Hanson.jpg/revision/latest?cb=20240104001809,Female,30,"March 6, 1994",06-03-1994,Pisces,Model,"Essex, England",Day 8,Day 59,4th Place,,
Wes,Nelson,https://static.wikia.nocookie.net/loveisland/images/2/2e/S4_Wes_Nelson.jpg/revision/latest?cb=20180621221959,Male,25,"May 3, 1998",03-05-1998,Taurus,Electrical and Nuclear Systems Design Engineer,"Staffordshire, England",Day 1,Day 59,4th Place,,
Alex,George,https://static.wikia.nocookie.net/loveisland/images/5/51/S4_Alex_George.jpg/revision/latest?cb=20180621212203,Male,34,"February 15, 1990",15-02-1990,Aquarius,A&E Doctor,"Carmarthen, Wales",Day 1,Day 57,Dumped,,
Alexandra,Cane,https://static.wikia.nocookie.net/loveisland/images/8/80/S4_Alexandra_Cane.jpg/revision/latest?cb=20180715114744,Female,32,"June 9, 1991",09-06-1991,Gemini,Makeup Artist,"Hertfordshire, England",Day 38,Day 57,Dumped,,
Jack,Fowler,https://static.wikia.nocookie.net/loveisland/images/d/d3/LIG_Jack_Fowler.jpg/revision/latest?cb=20240104001802,Male,28,"January 1, 1996",01-01-1996,Capricorn,DJPersonal Trainer,"London, England",Day 26,Day 53,Dumped,,
Laura,Crane,https://static.wikia.nocookie.net/loveisland/images/b/b4/S4_Laura_Crane.jpg/revision/latest?cb=20180717164608,Female,29,"January 17, 1995",17-01-1995,Capricorn,SurferModel,"Devon, England",Day 43,Day 53,Dumped,,
Josh,Mair,https://static.wikia.nocookie.net/loveisland/images/1/10/S4_Josh_Mair.jpg/revision/latest?cb=20180717164608,Male,27,"October 22, 1996[1]",22-10-1996,Libra,DJFitness Model,"Birmingham, England",Day 43,Day 50,Dumped,,
Stephanie,Lam,https://static.wikia.nocookie.net/loveisland/images/2/23/S4_Stephanie_Lam.jpg/revision/latest?cb=20180717164609,Female,29,"March 13, 1995",13-03-1995,Pisces,Account ManagerModel,"Hertfordshire, England",Day 43,Day 50,Dumped,,
Georgia,Steel,https://static.wikia.nocookie.net/loveisland/images/6/6f/All_Stars_Georgia_Steel.jpg/revision/latest?cb=20240118211844,Female,26,"March 28, 1998",28-03-1998,Aries,Performing Arts StudentBarmaid,"York, England",Day 4,Day 47,Dumped,,
Sam,Bird,https://static.wikia.nocookie.net/loveisland/images/5/59/S4_Sam_Bird.jpg/revision/latest?cb=20180621222815,Male,31,"November 28, 1992",28-11-1992,Sagittarius,EntrepreneurPersonal Trainer,"Norwich, England",Day 19,Day 47,Dumped,"Kailah Casillas-Bird (wife, m. 2022)",
Charlie,Brake,https://static.wikia.nocookie.net/loveisland/images/9/91/S4_Charlie_Brake.jpg/revision/latest?cb=20180627223835,Male,29,"January 5, 1995",05-01-1995,Capricorn,Socialite,"Chelsea, England",Day 26,Day 43,Dumped,,
Ellie,Brown,https://static.wikia.nocookie.net/loveisland/images/7/74/S4_Ellie_Brown.jpg/revision/latest?cb=20180621182011,Female,26,"February 25, 1998",25-02-1998,Pisces,Business Development manager,"Newcastle, England",Day 15,Day 43,Dumped,,
Idris,Virgo,https://static.wikia.nocookie.net/loveisland/images/f/f9/S4_Idris_Virgo.jpg/revision/latest?cb=20180715115523,Male,30,"June 11, 1993",11-06-1993,Gemini,Boxer,"Birmingham, England",Day 36,Day 40,Dumped,,
Kieran,Nicholls,https://static.wikia.nocookie.net/loveisland/images/c/ce/S4_Kieran_Nicholls.jpg/revision/latest?cb=20180715115524,Male,32,"April 5, 1992",05-04-1992,Aries,Fitness InstructorChef (former),"London, England",Day 36,Day 40,Dumped,,
Samira,Mighty,https://static.wikia.nocookie.net/loveisland/images/6/6c/S4_Samira_Mighty.jpg/revision/latest?cb=20240117233321,Female,28,"November 16, 1995",16-11-1995,Scorpio,West End Performer,"London, England",Day 1,Day 40,Walked,,
Frankie,Foster,https://static.wikia.nocookie.net/loveisland/images/b/be/S4_Frankie_Foster.jpg/revision/latest?cb=20180627223836,Male,28,"January 17, 1996",17-01-1996,Capricorn,Business Management StudentFitness Coach,"Cheltenham, England",Day 26,Day 36,Dumped,,
Grace,Wardle,https://static.wikia.nocookie.net/loveisland/images/6/63/S4_Grace_Wardle.jpg/revision/latest?cb=20240117233238,Female,30,"August 20, 1993",20-08-1993,Leo,Hairdresser,"London, England",Day 26,Day 36,Dumped,,
Adam,Collard,https://static.wikia.nocookie.net/loveisland/images/7/75/S8_Adam_Collard.jpg/revision/latest?cb=20220710222545,Male,28,"October 27, 1995",27-10-1995,Scorpio,Personal Trainer,"Newcastle, England",Day 1,Day 32,Dumped,,
Adam,Collard,https://static.wikia.nocookie.net/loveisland/images/7/75/S8_Adam_Collard.jpg/revision/latest?cb=20220710222545,Male,28,"October 27, 1995",27-10-1995,Scorpio,Personal Trainer,"Newcastle, England",Day 1,Day 32,Dumped,,
Alex,Miller,https://static.wikia.nocookie.net/loveisland/images/3/32/S4_Alex_Miller.jpg/revision/latest?cb=20180627221100,Male,34,"February 21, 1990",21-02-1990,Pisces,Structural Glazier,"Essex, England",Day 26,Day 32,Dumped,,
Darylle,Sargeant,https://static.wikia.nocookie.net/loveisland/images/f/fd/S4_Darylle_Sargeant.jpg/revision/latest?cb=20180627222507,Female,30,"September 24, 1993",24-09-1993,Libra,Eyebrow Technician,"Watford, England",Day 26,Day 32,Dumped,,
Ellie,Jones,https://static.wikia.nocookie.net/loveisland/images/6/63/S4_Ellie_Jones.jpg/revision/latest?cb=20180627222508,Female,28,"February 10, 1996",10-02-1996,Aquarius,Customer ServiceOffice Administrator,"Kent, England",Day 26,Day 32,Dumped,,
Charlie,Williams,https://static.wikia.nocookie.net/loveisland/images/5/58/S4_Charlie_Williams.jpg/revision/latest?cb=20180629154657,Female,30,"March 16, 1994",16-03-1994,Pisces,Tanning Shop Assistant,"Bath, England",Day 26,Day 30,Dumped,Luke Daniels,"Ocean (daughter, b. 2020)Reef (son, b. 2023)"
Dean,Overson,https://static.wikia.nocookie.net/loveisland/images/a/ae/S4_Dean_Overson.jpg/revision/latest?cb=20180627221650,Male,30,"June 16, 1993",16-06-1993,Gemini,Car Sales Executive,"Burnley, England",Day 26,Day 30,Dumped,,
Jordan,Adefeyisan,https://static.wikia.nocookie.net/loveisland/images/e/e3/S4_Jordan_Adefeyisan.jpg/revision/latest?cb=20180627222508,Male,28,"September 22, 1995",22-09-1995,Virgo,Model,"Stockport, England",Day 26,Day 30,Dumped,,
Savanna,Darnell,https://static.wikia.nocookie.net/loveisland/images/4/4d/S4_Savanna_Darnell.jpg/revision/latest?cb=20180629152922,Female,28,"October 28, 1995",28-10-1995,Scorpio,SingerDancer,"Sheffield, England",Day 26,Day 30,Dumped,,
Zara,McDermott,https://static.wikia.nocookie.net/loveisland/images/9/94/S4_Zara_McDermott.jpg/revision/latest?cb=20180621211502,Female,27,"December 14, 1996",14-12-1996,Sagittarius,Government Advisor,"Essex, England",Day 15,Day 25,Dumped,,
Eyal,Booker,https://static.wikia.nocookie.net/loveisland/images/a/a7/LIG_Eyal_Booker.jpg/revision/latest?cb=20240103233126,Male,28,"August 2, 1995",02-08-1995,Leo,Model,"London, England",Day 1,Day 25,Dumped,,
Rosie,Williams,https://static.wikia.nocookie.net/loveisland/images/f/ff/S4_Rosie_Williams.jpg/revision/latest?cb=20180621221958,Female,32,"September 26, 1991",26-09-1991,Libra,Solicitor,"South Wales, Wales",Day 4,Day 20,Dumped,,
Charlie,Frederick,https://static.wikia.nocookie.net/loveisland/images/c/cb/S4_Charlie_Frederick.jpg/revision/latest?cb=20180621221955,Male,28,"November 10, 1995",10-11-1995,Scorpio,Model,"Plymouth, England",Day 8,Day 13,Dumped,,
Hayley,Hughes,https://static.wikia.nocookie.net/loveisland/images/c/cd/S4_Hayley_Hughes.jpg/revision/latest?cb=20180621212439,Female,27,"June 27, 1996",27-06-1996,Cancer,Model,"Liverpool, England",Day 1,Day 13,Dumped,,"Cody (son, b. 2023)"
Niall,Aslam,https://static.wikia.nocookie.net/loveisland/images/9/9a/S4_Niall_Aslam.jpg/revision/latest?cb=20240117233308,,28,"July 13, 1995",13-07-1995,Cancer,StudentConstruction Worker,"Coventry, England",Day 1,Day 9,Walked,,
Kendall,Rae-Knight,https://static.wikia.nocookie.net/loveisland/images/0/01/S4_Kendall_Rae-Knight.jpg/revision/latest?cb=20180621214503,Female,32,"January 28, 1992",28-01-1992,Aquarius,Retail Manager,"Blackpool, England",Day 1,Day 6,Dumped,,"Cooper (son, b. 2024)"
Amber,Gill,https://static.wikia.nocookie.net/loveisland/images/c/c5/S5_Amber_Gill.jpg/revision/latest?cb=20240117233056,Female,26,"August 4, 1997[1]",04-08-1997,Leo,Beauty therapist,"Newcastle, England",Day 1,Day 58,Winner,,
Greg,O'Shea,https://static.wikia.nocookie.net/loveisland/images/6/67/S5_Greg_O%27Shea.jpg/revision/latest?cb=20190715212249,Male,29,"March 23, 1995",23-03-1995,Aries,Professional Rugby player,"Limerick, Ireland",Day 43,Day 58,Winner,,
Molly-Mae,Hague,https://static.wikia.nocookie.net/loveisland/images/b/b5/S5_Molly-Mae_Hague.jpg/revision/latest?cb=20190608183649,Female,24,"May 25, 1999",25-05-1999,Gemini,Social media influencer,"Manchester, England",Day 4,Day 58,Runner-Up,Tommy Fury (fiancé),"Bambi (daughter, b. 2023)"
Tommy,Fury,https://static.wikia.nocookie.net/loveisland/images/6/61/S5_Tommy_Fury.jpg/revision/latest?cb=20190528084737,Male,24,"May 7, 1999",07-05-1999,Taurus,Boxer,"Manchester, England",Day 1,Day 58,Runner-Up,,"Bambi (daughter, b. 2023)"
India,Reynolds,https://static.wikia.nocookie.net/loveisland/images/4/4e/S5_India_Reynolds.jpg/revision/latest?cb=20190715212250,Female,33,"December 20, 1990",20-12-1990,Sagittarius,Model,"Reading, England",Day 43,Day 58,3rd Place,,
Ovie,Soko,https://static.wikia.nocookie.net/loveisland/images/9/94/S5_Ovie_Soko.jpg/revision/latest?cb=20190714211947,Male,33,"February 7, 1991",07-02-1991,Aquarius,Professional basketball player,"London, England",Day 26,Day 58,3rd Place,,
Curtis,Pritchard,https://static.wikia.nocookie.net/loveisland/images/0/02/LIG_Curtis_Pritchard.jpg/revision/latest?cb=20240104001758,Male,28,"February 8, 1996",08-02-1996,Aquarius,Ballroom and Latin dancer,"Shropshire, England",Day 1,Day 58,4th Place,,
Maura,Higgins,https://static.wikia.nocookie.net/loveisland/images/c/c1/S5_Maura_Higgins.jpg/revision/latest?cb=20190612202211,Female,33,"November 25, 1990",25-11-1990,Sagittarius,Model and grid girl,"County Longford, Ireland",Day 10,Day 58,4th Place,,
Anton,Danyluk,https://static.wikia.nocookie.net/loveisland/images/1/1b/All_Stars_Anton_Danyluk.jpg/revision/latest?cb=20240118211840,Male,29,"September 6, 1994",06-09-1994,Virgo,Gym owner,"Airdrie, Scotland",Day 1,Day 56,Dumped,,
Belle,Hassan,https://static.wikia.nocookie.net/loveisland/images/2/20/S5_Belle_Hassan.jpg/revision/latest?cb=20190714205034,Female,26,"March 6, 1998",06-03-1998,Pisces,Makeup Artist,"Bromley, England",Day 26,Day 56,Dumped,,
Anna,Vakili,https://static.wikia.nocookie.net/loveisland/images/c/c9/S5_Anna_Vakili.jpg/revision/latest?cb=20190528084715,Female,33,"July 9, 1990",09-07-1990,Cancer,Pharmacist,"London, England",Day 1,Day 52,Dumped,,
Chris,Taylor,https://static.wikia.nocookie.net/loveisland/images/3/39/All_Stars_Chris_Taylor.jpg/revision/latest?cb=20240118211841,Male,33,"July 31, 1990",31-07-1990,Leo,Business Development Manager,"Leicester, England",Day 37,Day 52,Dumped,,
Harley,Brash,https://static.wikia.nocookie.net/loveisland/images/c/c8/S5_Harley_Brash.jpg/revision/latest?cb=20190715212030,Female,25,"October 5, 1998",05-10-1998,Libra,Estate Agent,"Newcastle, England",Day 43,Day 52,Dumped,,
Jordan,Hames,https://static.wikia.nocookie.net/loveisland/images/5/51/S5_Jordan_Hames.jpg/revision/latest?cb=20190618105338,Male,29,"March 6, 1995",06-03-1995,Pisces,Model,"Manchester, England",Day 14,Day 52,Dumped,,
Francesca,Allen,https://static.wikia.nocookie.net/loveisland/images/5/53/S5_Francesca_Allen.jpg/revision/latest?cb=20190714212223,Female,28,"November 7, 1995[1]",07-11-1995,Scorpio,Clothing store manager,"Essex, England",Day 37,Day 49,Dumped,,
Michael,Griffiths,https://static.wikia.nocookie.net/loveisland/images/1/16/S5_Michael_Griffiths.jpg/revision/latest?cb=20190610163117,Male,32,"October 2, 1991",02-10-1991,Libra,Firefighter,"Liverpool, England",Day 1,Day 49,Dumped,,
Joanna,Chimonides,https://static.wikia.nocookie.net/loveisland/images/a/a0/All_Stars_Joanna_Chimonides.jpg/revision/latest?cb=20240131215327,Female,27,"October 15, 1996",15-10-1996,Libra,Recruitment Consultant,"London, England",Day 26,Day 42,Dumped,,
Marvin,Brooks,https://static.wikia.nocookie.net/loveisland/images/3/3c/S5_Marvin_Brooks.jpg/revision/latest?cb=20190714211944,Male,34,"August 6, 1989",06-08-1989,Leo,Personal TrainerEx royal navy officer,"Bournemouth, England",Day 26,Day 39,Dumped,,
Amy,Hart,https://static.wikia.nocookie.net/loveisland/images/7/78/S5_Amy_Hart.jpg/revision/latest?cb=20190801185121,Female,30,"July 19, 1993",19-07-1993,Cancer,Flight Attendant,"Worthing, England",Day 1,Day 37,Walked,,"Stanley (son, b. 2023)"
George,Rains,https://static.wikia.nocookie.net/loveisland/images/6/60/S5_George_Rains.jpg/revision/latest?cb=20190714211938,Male,27,"December 10, 1996",10-12-1996,Sagittarius,ModelBuilder,"Essex, England",Day 26,Day 36,Dumped,,
Lucie,Donlan,https://static.wikia.nocookie.net/loveisland/images/e/e0/S5_Lucie_Donlan.jpg/revision/latest?cb=20190528084729,Female,26,"February 22, 1998",22-02-1998,Pisces,Surfer,"Newquay, England",Day 1,Day 36,Dumped,Luke Mabbott (fiancé),
Danny,Williams,https://static.wikia.nocookie.net/loveisland/images/5/5f/S5_Danny_Williams.jpg/revision/latest?cb=20190610163131,Male,21,"August 5, 1997",05-08-1997,Leo,Model,"Hull, England",Day 6,Day 36,Dumped,,
Jourdan,Riane,https://static.wikia.nocookie.net/loveisland/images/f/f0/S5_Jourdan_Riane.jpg/revision/latest?cb=20190714211939,Female,29,"March 18, 1995",18-03-1995,Pisces,ModelActressInfluencer,"London, England",Day 26,Day 36,Dumped,,
Dan,Rose,https://static.wikia.nocookie.net/loveisland/images/2/24/S5_Dan_Rose.jpg/revision/latest?cb=20190714211930,Male,25,"May 25, 1998",25-05-1998,Gemini,Bathroom salesman,"Nuneaton, England",Day 26,Day 30,Dumped,,
Dennon,Lewis,https://static.wikia.nocookie.net/loveisland/images/d/d5/S5_Dennon_Lewis.jpg/revision/latest?cb=20190714211936,Male,26,"May 9, 1997",09-05-1997,Taurus,Football Player,"Watford, England",Day 26,Day 30,Dumped,,
Lavena,Back,https://static.wikia.nocookie.net/loveisland/images/e/ec/S5_Lavena_Back.jpg/revision/latest?cb=20190714211941,Female,28,"December 15, 1995",15-12-1995,Sagittarius,Business Developer,"Croydon, England",Day 26,Day 30,Dumped,"George (husband, m. 2022)","Sage (daughter, b. 2022)Bodhi (son, b. 2023)"
Maria,Wild,https://static.wikia.nocookie.net/loveisland/images/1/11/S5_Maria_Wild.jpg/revision/latest?cb=20190714211942,Female,26,"May 2, 1997",02-05-1997,Taurus,VIP Host,"Cheltenham, England",Day 26,Day 30,Dumped,,
Nabila,Badda,https://static.wikia.nocookie.net/loveisland/images/7/71/S5_Nabila_Badda.jpg/revision/latest?cb=20190714211945,Female,34,"December 22, 1989",22-12-1989,Capricorn,Hostess,"London, England",Day 26,Day 30,Dumped,,
Stevie,Bradley,https://static.wikia.nocookie.net/loveisland/images/0/06/S5_Stevie_Bradley.jpg/revision/latest?cb=20190714211948,Male,26,"February 21, 1998",21-02-1998,Pisces,Student,Isle of Man,Day 26,Day 30,Dumped,,
Arabella,Chi,https://static.wikia.nocookie.net/loveisland/images/e/eb/All_Stars_Arabella_Chi.jpg/revision/latest?cb=20240120021936,Female,33,"March 19, 1991",19-03-1991,Pisces,Model,"London, England",Day 18,Day 25,Dumped,,
Tom,Walker,https://static.wikia.nocookie.net/loveisland/images/4/43/S5_Tom_Walker.jpg/revision/latest?cb=20190618105645,Male,29,"January 1, 1990",01-01-1990,Capricorn,Model,"Leeds, England",Day 14,Day 25,Dumped,,
Yewande,Biala,https://static.wikia.nocookie.net/loveisland/images/a/a9/S5_Yewande_Biala.jpg/revision/latest?cb=20190528084740,Female,28,"October 26, 1995",26-10-1995,Scorpio,Pharmacist,"Dublin, Ireland",Day 1,Day 22,Dumped,,
Elma,Pazar,https://static.wikia.nocookie.net/loveisland/images/5/50/S5_Elma_Pazar.jpg/revision/latest?cb=20190612202347,Female,31,"July 7, 1992",07-07-1992,Cancer,Eyelash Technician,"Essex, England",Day 10,Day 16,Dumped,,
Joe,Garratt,https://static.wikia.nocookie.net/loveisland/images/f/f5/All_Stars_Joe_Garratt.jpg/revision/latest?cb=20240208221303,Male,27,"August 25, 1996",25-08-1996,Virgo,Catering company owner,"South East London, England",Day 1,Day 16,Dumped,,
Sherif,Lanre,https://static.wikia.nocookie.net/loveisland/images/9/9b/S5_Sherif_Lanre.jpg/revision/latest?cb=20190528084735,Male,25,"April 17, 1999",17-04-1999,Aries,Chef and semiprofessional rugby player,"London, England",Day 1,Day 9,Removed,,
Callum,Macleod,https://static.wikia.nocookie.net/loveisland/images/0/02/S5_Callum_Macleod.jpg/revision/latest?cb=20190528084720,Male,33,"September 1, 1990",01-09-1990,Virgo,Aircraft engineer,"South Wales, Wales",Day 1,Day 5,Dumped,,
Finley,Tapp,https://static.wikia.nocookie.net/loveisland/images/6/6e/S6_Finley_Tapp.jpg/revision/latest?cb=20200116115100,Male,24,"November 9, 1999",09-11-1999,Scorpio,Recruitment consultant and Football Player,"Milton Keynes, England",Day 5,Day 43,Winner,,
Paige,Turley,https://static.wikia.nocookie.net/loveisland/images/2/20/S6_Paige_Turley.jpg/revision/latest?cb=20200107174318,Female,26,"August 14, 1997",14-08-1997,Leo,Singer,"West Lothian, Scotland",Day 1,Day 43,Winner,,
Luke,Trotman,https://static.wikia.nocookie.net/loveisland/images/d/dc/S6_Luke_Trotman.jpg/revision/latest?cb=20200129225614,Male,26,"June 4, 1997",04-06-1997,Gemini,Heating engineer,"Luton, England",Day 12,Day 43,Runner-Up,,
Siannise,Fudge,https://static.wikia.nocookie.net/loveisland/images/8/82/S6_Siannise_Fudge.jpg/revision/latest?cb=20200107174401,Female,29,"July 5, 1994",05-07-1994,Cancer,Beauty consultant,"Bristol, England",Day 1,Day 43,Runner-Up,,
Demi,Jones,https://static.wikia.nocookie.net/loveisland/images/1/1c/All_Stars_Demi_Jones.jpg/revision/latest?cb=20240118211842,Female,25,"July 2, 1998",02-07-1998,Cancer,Style advisor,"Portsmouth, England",Day 16,Day 43,3rd Place,,
Luke,Mabbott,https://static.wikia.nocookie.net/loveisland/images/c/cf/S6_Luke_Mabbott.jpg/revision/latest?cb=20200123221647,Male,28,"May 4, 1995",04-05-1995,Taurus,Heating engineer,"Redcar, England",Day 12,Day 43,3rd Place,Lucie Donlan (fiancée),
Ched,Uzor,https://static.wikia.nocookie.net/loveisland/images/3/3a/S6_Ched_Uzor.jpg/revision/latest?cb=20200202154315,Male,27,"July 27, 1996",27-07-1996,Leo,Scaffolder,"Suffolk, England",Day 21,Day 43,4th Place,,
Jess,Gale,https://static.wikia.nocookie.net/loveisland/images/8/81/All_Stars_Jess_Gale.jpg/revision/latest?cb=20240208221243,Female,24,"May 8, 1999",08-05-1999,Taurus,Students and VIP hostesses,"London, England",Day 1,Day 43,4th Place,,
Mike,Boateng,https://static.wikia.nocookie.net/loveisland/images/8/89/LIG_Mike_Boateng.jpg/revision/latest?cb=20240104001810,Male,28,"August 4, 1995",04-08-1995,Leo,Police officer,"Manchester, England",Day 1,Day 41,Dumped,,
Priscilla,Anyabu,https://static.wikia.nocookie.net/loveisland/images/3/32/S6_Priscilla_Anyabu.jpg/revision/latest?cb=20200202154340,Female,29,"December 7, 1994",07-12-1994,Sagittarius,Model and Operations Manager,"Battersea, England",Day 23,Day 41,Dumped,,
Callum,Jones,https://static.wikia.nocookie.net/loveisland/images/6/66/All_Stars_Callum_Jones.jpg/revision/latest?cb=20240120022214,Male,27,"July 12, 1996",12-07-1996,Cancer,Scaffolder,"Manchester, England",Day 1,Day 38,Dumped,,
Molly,Smith,https://static.wikia.nocookie.net/loveisland/images/8/88/All_Stars_Molly_Smith.jpg/revision/latest?cb=20240120022727,Female,30,"April 25, 1994",25-04-1994,Taurus,Model,"Manchester, England",Day 21,Day 38,Dumped,,
Jamie,Clayton,https://static.wikia.nocookie.net/loveisland/images/e/eb/S6_Jamie_Clayton.jpg/revision/latest?cb=20200212003841,Male,28,1991,01-01-1991,Capricorn,Recruitment consultant,"Edinburgh, Scotland",Day 31,Day 38,Participating,,
Natalia,Zoppa,https://static.wikia.nocookie.net/loveisland/images/e/e6/S6_Natalia_Zoppa.jpg/revision/latest?cb=20200202154339,Female,24,"July 5, 1999",05-07-1999,Cancer,Student and Club Promoter,"Manchester, England",Day 23,Day 38,Dumped,,
Shaughna,Phillips,https://static.wikia.nocookie.net/loveisland/images/b/ba/S6_Shaughna_Phillips.jpg/revision/latest?cb=20200107174339,Female,30,"April 11, 1994",11-04-1994,Aries,Democratic Services Officer,"London, England",Day 1,Day 33,Dumped,,"Lucia (daughter, b. 2023)"
Eva,Zapico,https://static.wikia.nocookie.net/loveisland/images/6/69/S6_Eva_Zapico.jpg/revision/latest?cb=20200202154316,Female,25,"July 23, 1998",23-07-1998,Leo,Recruitment Consultant,"Bromley, England",Day 23,Day 30,Dumped,,
Jordan,Waobikeze,https://static.wikia.nocookie.net/loveisland/images/0/03/S6_Jordan_Waobikeze.jpg/revision/latest?cb=20200202154336,Male,24,1995,01-01-1995,Capricorn,Administrator,"London, England",Day 21,Day 30,Dumped,,
Nas,Majeed,https://static.wikia.nocookie.net/loveisland/images/9/96/S6_Nas_Majeed.jpg/revision/latest?cb=20200107171310,Male,28,"February 24, 1996",24-02-1996,Pisces,Sports science graduate and builder,"London, England",Day 1,Day 30,Dumped,,
Rebecca,Gormley,https://static.wikia.nocookie.net/loveisland/images/5/51/S6_Rebecca_Gormley.jpg/revision/latest?cb=20200121221415,Female,26,"April 18, 1998",18-04-1998,Aries,Parttime model and carer,"Newcastle, England",Day 9,Day 30,Dumped,,
Alexi,Eraclides,https://static.wikia.nocookie.net/loveisland/images/8/8a/S6_Alexi_Eraclides.jpg/revision/latest?cb=20200202154313,Male,27,"May 11, 1996",11-05-1996,Taurus,Butler in the Buff,"Essex, England",Day 23,Day 26,Dumped,,
Biggs,Chris,https://static.wikia.nocookie.net/loveisland/images/d/de/S6_Biggs_Chris.jpg/revision/latest?cb=20200202154313,Male,31,"May 15, 1992",15-05-1992,Taurus,Car Body Repair Specialist,"Glasgow, Scotland",Day 23,Day 26,Dumped,,"Ziyon-Marvin (son, b. 2023)"
George,Day,https://static.wikia.nocookie.net/loveisland/images/d/db/S6_George_Day.jpg/revision/latest?cb=20200202154317,Male,32,"February 8, 1992",08-02-1992,Aquarius,Estate Agent,"Southampton, England",Day 23,Day 26,Dumped,,
Jade,Affleck,https://static.wikia.nocookie.net/loveisland/images/d/d1/S6_Jade_Affleck.jpg/revision/latest?cb=20200202154334,Female,29,"November 28, 1994",28-11-1994,Sagittarius,Sales Professional,"Yarm, England",Day 23,Day 26,Dumped,,
Jamie,McCann,https://static.wikia.nocookie.net/loveisland/images/d/df/S6_Jamie_McCann.jpg/revision/latest?cb=20200202154335,Female,28,"January 3, 1996",03-01-1996,Capricorn,Eyelash Technician,"North Ayrshire, Scotland",Day 23,Day 26,Dumped,,
Josh,Kempton,https://static.wikia.nocookie.net/loveisland/images/5/5f/S6_Josh_Kempton.jpg/revision/latest?cb=20200202154337,Male,25,"November 4, 1998",04-11-1998,Scorpio,Model,"Surrey, England",Day 23,,Day 26,,
Sophie,Piper,https://static.wikia.nocookie.net/loveisland/images/2/28/All_Stars_Sophie_Piper.jpg/revision/latest?cb=20240126181214,Female,25,"October 27, 1998",27-10-1998,Scorpio,Medical PA,"Essex, England",Day 1,Day 22,Dumped,,
Wallace,Wilson,https://static.wikia.nocookie.net/loveisland/images/4/4e/S6_Wallace_Wilson.jpg/revision/latest?cb=20200127234506,Male,28,"November 4, 1995",04-11-1995,Scorpio,Personal Trainer,"Inverness, Scotland",Day 16,Day 22,Dumped,,
Leanne,Amaning,https://static.wikia.nocookie.net/loveisland/images/f/f2/S6_Leanne_Amaning.jpg/revision/latest?cb=20200107174154,Female,26,"June 2, 1997",02-06-1997,Gemini,Customer service advisor,"London, England",Day 1,Day 18,Dumped,,
Connor,Durman,https://static.wikia.nocookie.net/loveisland/images/2/2e/S6_Connor_Durman.jpg/revision/latest?cb=20200107164916,Male,29,"June 11, 1994",11-06-1994,Gemini,Coffee bean salesman,"Brighton, England",Day 1,Day 15,Dumped,,
Connagh,Howard,https://static.wikia.nocookie.net/loveisland/images/6/6e/S6_Connagh_Howard.jpg/revision/latest?cb=20200116115054,Male,32,"April 26, 1992",26-04-1992,Taurus,Model,"Cardiff, Wales",Day 5,Day 13,Dumped,Beth Dunlavey (fiancée),
Eve,Gale,https://static.wikia.nocookie.net/loveisland/images/f/f5/All_Stars_Eve_Gale.jpg/revision/latest?cb=20240208221253,Female,24,"May 8, 1999",08-05-1999,Taurus,Student and VIP hostess,"London, England",Day 1,Day 6,Dumped,,
Ollie,Williams,https://static.wikia.nocookie.net/loveisland/images/c/cf/S6_Ollie_Williams.jpg/revision/latest?cb=20200107171325,Male,28,"January 18, 1996",18-01-1996,Capricorn,Land owner,"Cornwall, England",Day 1,Day 4,Walked,,
Liam,Reardon,https://static.wikia.nocookie.net/loveisland/images/4/4d/S6_Liam_Reardon.jpg/revision/latest?cb=20210701134908,Male,24,"August 18, 1999",18-08-1999,Leo,Bricklayer,"Merthyr Tydfil, Wales",Day 4,Day 58,Winner,,
Millie,Court,https://static.wikia.nocookie.net/loveisland/images/c/cd/S7_Millie_Court.jpg/revision/latest?cb=20210705232338,Female,27,"December 4, 1996",04-12-1996,Sagittarius,Fashion Buyer,"Essex, England",Day 9,Day 58,Winner,,
Chloe,Burrows,https://static.wikia.nocookie.net/loveisland/images/d/d9/S7_Chloe_Burrows.jpg/revision/latest?cb=20210705014555,Female,28,"September 26, 1995",26-09-1995,Libra,Financial Services Marketing Executive,"Bicester, England",Day 1,Day 58,Runner-Up,,
Toby,Aromolaran,https://static.wikia.nocookie.net/loveisland/images/8/8e/All_Stars_Toby_Aromolaran.jpg/revision/latest?cb=20240118211849,Male,25,"March 3, 1999",03-03-1999,Pisces,Football Player,"Essex, England",Day 1,Day 58,Runner-Up,,
Faye,Winter,https://static.wikia.nocookie.net/loveisland/images/0/0a/S7_Faye_Winter.jpg/revision/latest?cb=20210705015959,Female,28,"June 21, 1995",21-06-1995,Cancer,Lettings manager,"Devon, England",Day 1,Day 58,3rd Place,,
Teddy,Soares,https://static.wikia.nocookie.net/loveisland/images/8/86/S7_Teddy_Soares.jpg/revision/latest?cb=20210709180945,Male,26,"April 6, 1995",06-04-1995,Aries,Senior Financial Consultant,"Manchester, England",Day 12,Day 58,3rd Place,,
Kaz,Kamwi,https://static.wikia.nocookie.net/loveisland/images/9/9a/All_Stars_Kaz_Kamwi.jpg/revision/latest?cb=20240118211847,Female,29,"October 27, 1994",27-10-1994,Scorpio,Fashion Blogger,"Essex, England",Day 1,Day 58,4th Place,,
Tyler,Cruickshank,https://static.wikia.nocookie.net/loveisland/images/6/6c/All_Stars_Tyler_Cruickshank.jpg/revision/latest?cb=20240126181554,Male,28,"May 12, 1995",12-05-1995,Taurus,Estate agent,"Croydon, England",Day 23,Day 58,4th Place,,
Jake,Cornish,https://static.wikia.nocookie.net/loveisland/images/9/9a/All_Stars_Jake_Cornish.jpg/revision/latest?cb=20240118211846,Male,27,"April 17, 1997",17-04-1997,Aries,Water Engineer,"Weston-super-Mare, England",Day 1,Day 54,Walked,,
Liberty,Poole,https://static.wikia.nocookie.net/loveisland/images/c/c1/All_Stars_Liberty_Poole.jpg/revision/latest?cb=20240118212058,Female,24,"September 2, 1999",02-09-1999,Virgo,Waitress and Marketing Student,"Birmingham, England",Day 1,Day 54,Walked,,
Aaron,Simpson,https://static.wikia.nocookie.net/loveisland/images/a/a8/S7_Aaron_Simpson.jpg/revision/latest?cb=20210808151826,Male,27,"March 7, 1997",07-03-1997,Pisces,Football Player,"Devon, England",Day 42,Day 52,Dumped,,
Mary,Bedford,https://static.wikia.nocookie.net/loveisland/images/f/f1/S7_Mary_Bedford.jpg/revision/latest?cb=20210727223459,Female,24,"July 14, 1999",14-07-1999,Cancer,Model,"Wakefield, England",Day 29,Day 52,Dumped,,
Brett,Staniland,https://static.wikia.nocookie.net/loveisland/images/3/37/S7_Brett_Staniland.jpg/revision/latest?cb=20210811162705,Male,27,"November 28, 1993",28-11-1993,Sagittarius,PhD Student,"Derbyshire, England",Day 44,Day 50,Dumped,,
Priya,Gopaldas,https://static.wikia.nocookie.net/loveisland/images/f/f8/S7_Priya_Gopaldas.jpg/revision/latest?cb=20210808151353,Female,26,"October 26, 1997",26-10-1997,Scorpio,Medical Student,"London, England",Day 42,Day 50,Dumped,,
Matthew,MacNabb,https://static.wikia.nocookie.net/loveisland/images/c/cb/S7_Matthew_MacNabb.jpg/revision/latest?cb=20210727223546,Male,29,"January 5, 1995",05-01-1995,Capricorn,Strategic Marketing Consultant,"Belfast, Ireland",Day 29,Day 45,Dumped,,
Abigail,Rawlings,https://static.wikia.nocookie.net/loveisland/images/7/7c/S7_Abigail_Rawlings.jpg/revision/latest?cb=20210721222805,Female,30,"February 28, 1994",28-02-1994,Pisces,Tattoo artist,"Bournemouth, England",Day 23,Day 42,Dumped,,
Dale,Mehmet,https://static.wikia.nocookie.net/loveisland/images/3/39/S7_Dale_Mehmet.jpg/revision/latest?cb=20210727222638,Male,27,"November 17, 1996",17-11-1996,Scorpio,Barber,"Glasgow, Scotland",Day 29,Day 42,Dumped,,
Amy,Day,https://static.wikia.nocookie.net/loveisland/images/0/04/S7_Amy_Day.jpg/revision/latest?cb=20210727222050,Female,28,"December 15, 1995",15-12-1995,Sagittarius,Performer,"Surrey, England",Day 29,Day 38,Dumped,,
Clarisse,Juliette,https://static.wikia.nocookie.net/loveisland/images/f/f4/S7_Clarisse_Juliette.jpg/revision/latest?cb=20210727222138,Female,25,"May 2, 1998",02-05-1998,Taurus,Brand OwnerInfluencer,"London, England",Day 29,Day 38,Dumped,,
Hugo,Hammond,https://static.wikia.nocookie.net/loveisland/images/e/e3/S7_Hugo_Hammond.jpg/revision/latest?cb=20210705012927,Male,27,"August 7, 1996",07-08-1996,Leo,PE Teacher,"Hampshire, England",Day 1,Day 38,Dumped,,
Sam,Jackson,https://static.wikia.nocookie.net/loveisland/images/d/de/S7_Sam_Jackson.jpg/revision/latest?cb=20210727223807,Male,26,"March 7, 1998",07-03-1998,Pisces,Maintenance Manager,"Clitheroe, England",Day 29,Day 38,Dumped,,
Harry,Young,https://static.wikia.nocookie.net/loveisland/images/f/f3/S7_Harry_Young.jpg/revision/latest?cb=20210727223202,Male,27,"April 24, 1997",24-04-1997,Taurus,Car Salesman,"Wishaw, Scotland",Day 29,Day 32,Dumped,,
Jack,Barlow,https://static.wikia.nocookie.net/loveisland/images/b/b2/S7_Jack_Barlow.jpg/revision/latest?cb=20210727223238,Male,28,"June 8, 1995",08-06-1995,Gemini,Racing Driver and Coach,"East Sussex, England",Day 29,Day 32,Dumped,,
Kaila,Troy,https://static.wikia.nocookie.net/loveisland/images/7/7e/S7_Kaila_Troy.jpg/revision/latest?cb=20210727223315,Female,"January 4, 1993",31,16-02-1993,Aquarius,International DJ,"Dublin, Ireland",Day 29,Day 32,Dumped,,
Lillie,Haynes,https://static.wikia.nocookie.net/loveisland/images/0/0a/S7_Lillie_Haynes.jpg/revision/latest?cb=20210727223410,Female,25,"November 10, 1998",10-11-1998,Scorpio,Trainee Accountant,"South Shields, England",Day 29,Day 32,Dumped,,
Medhy,Malanda,https://static.wikia.nocookie.net/loveisland/images/f/f1/S7_Medhy_Malanda.jpg/revision/latest?cb=20210727223651,Male,27,"March 25, 1997",25-03-1997,Aries,American football player and Model,"Luton, England",Day 29,Day 32,Dumped,,
Salma,Naran,https://static.wikia.nocookie.net/loveisland/images/4/4f/S7_Salma_Naran.jpg/revision/latest?cb=20210727223717,Female,22,"May 30, 2001",30-05-2001,Gemini,Model and Influencer,"Dublin, Ireland",Day 29,Day 32,Dumped,,
Aaron,Francis,https://static.wikia.nocookie.net/loveisland/images/1/15/S7_Aaron_Francis.jpg/revision/latest?cb=20210705014208,Male,27,"September 29, 1996",29-09-1996,Libra,Luxury events host,"London, England",Day 1,Day 28,Dumped,,
Lucinda,Strafford,https://static.wikia.nocookie.net/loveisland/images/a/a9/Aus_S5_Lucinda_Strafford.jpg/revision/latest?cb=20240304231849,Female,24,"November 4, 1999",04-11-1999,Scorpio,Online Fashion Boutique Owner,"Brighton, England",Day 9,Day 28,Dumped,,
Georgia,Townend,https://static.wikia.nocookie.net/loveisland/images/6/62/S7_Georgia_Townend.jpg/revision/latest?cb=20210721221806,Female,31,"January 1, 1993",01-01-1993,Capricorn,Marketing executive,"Essex, England",Day 23,Day 25,Dumped,,
Andrea-Jane,Bunker,https://static.wikia.nocookie.net/loveisland/images/5/51/S7_Andrea-Jane_Bunker.jpg/revision/latest?cb=20210716005508,Female,31,"December 9, 1992",09-12-1992,Sagittarius,Hair extensions technician,"Hemel Hempstead, England",Day 17,Day 23,Dumped,,
Danny,Bibby,https://static.wikia.nocookie.net/loveisland/images/7/70/S7_Danny_Bibby.jpg/revision/latest?cb=20210716005938,Male,25,"November 28, 1995",28-11-1995,Sagittarius,Plumber,"Manchester, England",Day 18,Day 23,Dumped,,
Sharon,Gaffka,https://static.wikia.nocookie.net/loveisland/images/7/7e/S7_Sharon_Gaffka.jpg/revision/latest?cb=20210705011922,Female,28,"December 1, 1995",01-12-1995,Sagittarius,Civil Servant – Operations Lead for Department of Transport,"Oxford, England",Day 1,Day 19,Dumped,,
Brad,McClelland,https://static.wikia.nocookie.net/loveisland/images/9/9d/S7_Brad_McClelland.jpg/revision/latest?cb=20210705014156,Male,28,"June 10, 1995",10-06-1995,Gemini,Labourer,"Northumberland, England",Day 1,Day 16,Dumped,,
Rachel,Finni,https://static.wikia.nocookie.net/loveisland/images/0/05/S7_Rachel_Finni.jpg/revision/latest?cb=20210705010538,Female,32,"April 25, 1992",25-04-1992,Taurus,Luxury travel specialist,"Cockfosters, England",Day 5,Day 14,Dumped,,
Oliver,Wallis,https://static.wikia.nocookie.net/loveisland/images/d/d2/S7_Chuggs_Wallis.jpg/revision/latest?cb=20210705015847,Male,26,"April 3, 1998",03-04-1998,Aries,Business owner,"Surrey, England",Day 4,Day 6,Dumped,,
Shannon,Singh,https://static.wikia.nocookie.net/loveisland/images/d/da/S7_Shannon_Singh.jpg/revision/latest?cb=20210705012638,Female,25,"July 7, 1998",07-07-1998,Cancer,Model,"Fife, Scotland",Day 1,Day 2,Dumped,,
Davide,Sanclimenti,https://static.wikia.nocookie.net/loveisland/images/1/14/S8_Davide_Sanclimenti.jpg/revision/latest?cb=20220622195428,Male,29,"January 1, 1995",01-01-1995,Capricorn,Business Owner,"Manchester, England",Day 1,Day 58,Winner,,
Ekin-Su,Cülcüloğlu,https://static.wikia.nocookie.net/loveisland/images/6/61/S8_Ekin-Su_C%C3%BClc%C3%BClo%C4%9Flu.jpg/revision/latest?cb=20220622193123,Female,29,"August 21, 1994",21-08-1994,Leo,Actress,"Essex, England",Day 3,Day 58,Winner,,
Gemma,Owen,https://static.wikia.nocookie.net/loveisland/images/4/47/S8_Gemma_Owen.jpg/revision/latest?cb=20220622193220,Female,20,"May 1, 2003",01-05-2003,Taurus,International Dressage Rider and Business Owner,"Chester, England",Day 1,Day 58,Runner-Up,,
Luca,Bish,https://static.wikia.nocookie.net/loveisland/images/3/37/S8_Luca_Bish.jpg/revision/latest?cb=20220622200002,Male,24,"May 14, 1999",14-05-1999,Taurus,Fishmonger,"Brighton, England",Day 1,Day 58,Runner-Up,,
Dami,Hope,https://static.wikia.nocookie.net/loveisland/images/1/11/S8_Dami_Hope.jpg/revision/latest?cb=20220622213157,Male,28,"March 27, 1996",27-03-1996,Aries,Senior Microbiologist,"Dublin, Ireland",Day 1,Day 58,3rd Place,,
Indiyah,Polack,https://static.wikia.nocookie.net/loveisland/images/3/34/S8_Indiyah_Polack.jpg/revision/latest?cb=20220622195947,Female,25,"December 11, 1998",11-12-1998,Sagittarius,Waitress and Model,"London, England",Day 1,Day 58,3rd Place,,
Andrew Le,Page,https://static.wikia.nocookie.net/loveisland/images/d/d9/S8_Andrew_Le_Page.jpg/revision/latest?cb=20220622195833,Male,29,"March 8, 1995",08-03-1995,Pisces,Real Estate Agent,"Guernsey, British Isles",Day 1,Day 58,4th Place,,
Tasha,Ghouri,https://static.wikia.nocookie.net/loveisland/images/8/8d/S8_Tasha_Ghouri.jpg/revision/latest?cb=20220622200146,Female,25,"August 11, 1998",11-08-1998,Leo,Model and Dancer,"Thirsk, England",Day 1,Day 58,4th Place,,
Adam,Collard,https://static.wikia.nocookie.net/loveisland/images/7/75/S8_Adam_Collard.jpg/revision/latest?cb=20220710222545,Male,28,"October 27, 1995",27-10-1995,Scorpio,Personal Trainer,"Newcastle, England",Day 1,Day 32,Dumped,,
Adam,Collard,https://static.wikia.nocookie.net/loveisland/images/7/75/S8_Adam_Collard.jpg/revision/latest?cb=20220710222545,Male,28,"October 27, 1995",27-10-1995,Scorpio,Personal Trainer,"Newcastle, England",Day 1,Day 32,Dumped,,
Paige,Thorne,https://static.wikia.nocookie.net/loveisland/images/7/75/S8_Paige_Thorne.jpg/revision/latest?cb=20220622213144,Female,26,"September 14, 1997",14-09-1997,Virgo,Paramedia,"Swansea, Wales",Day 1,Day 56,Participating,,
Danica,Taylor,https://static.wikia.nocookie.net/loveisland/images/5/54/S8_Danica_Taylor.jpg/revision/latest?cb=20220622030208,Female,23,"April 13, 2001",13-04-2001,Aries,Dancer,"Leicester, England",Day 12,Day 51,Dumped,,
Jamie,Allen,https://static.wikia.nocookie.net/loveisland/images/2/21/S8_Jamie_Allen.jpg/revision/latest?cb=20220720151017,Male,28,"May 25, 1995",25-05-1995,Gemini,Football Player,"Preston, England",Day 45,Day 51,Dumped,,
Deji,Adeniyi,https://static.wikia.nocookie.net/loveisland/images/9/98/S8_Deji_Adeniyi.jpg/revision/latest?cb=20220701221204,Male,27,"November 14, 1996",14-11-1996,Scorpio,Accounts Manager,"Bedford, England",Day 26,Day 49,Dumped,,
Lacey,Edwards,https://static.wikia.nocookie.net/loveisland/images/8/83/S8_Lacey_Edwards.jpg/revision/latest?cb=20220720151038,Female,27,"November 9, 1996",09-11-1996,Scorpio,,"Swindon, England",Day 45,Day 49,Dumped,,
Nathalia,Campos,https://static.wikia.nocookie.net/loveisland/images/0/07/S8_Nathalia_Campos.jpg/revision/latest?cb=20220720151058,Female,24,"October 14, 1999",14-10-1999,Libra,Operations Manager,"London, England",Day 44,Day 49,Dumped,,
Reece,Ford,https://static.wikia.nocookie.net/loveisland/images/8/82/S8_Reece_Ford.jpg/revision/latest?cb=20220720151112,Male,23,"November 28, 1998",28-11-1998,Sagittarius,Model,"Coventry, England",Day 45,Day 49,Dumped,,
Billy,Brown,https://static.wikia.nocookie.net/loveisland/images/6/66/S8_Billy_Brown.jpg/revision/latest?cb=20220701221139,Male,24,"May 9, 1999",09-05-1999,Taurus,Roofing Company Director,"Surrey, England",Day 26,Day 44,Dumped,,
Summer,Botwe,https://static.wikia.nocookie.net/loveisland/images/9/96/S8_Summer_Botwe.jpg/revision/latest?cb=20220703141733,Female,24,"March 15, 2000",15-03-2000,Pisces,Business Owner,"Hertfordshire, England",Day 27,Day 44,Dumped,,
Coco,Lodge,https://static.wikia.nocookie.net/loveisland/images/3/32/S8_Coco_Lodge.jpg/revision/latest?cb=20220703141623,Female,29,"January 7, 1995",07-01-1995,Capricorn,Graphic Designer,"Guildford, England",Day 27,Day 39,Dumped,,
Josh Le,Grove,https://static.wikia.nocookie.net/loveisland/images/d/dd/S8_Josh_Le_Grove.jpg/revision/latest?cb=20220701221346,Male,24,"October 2, 1999",02-10-1999,Libra,Model,"Essex, England",Day 26,Day 39,Dumped,,
Jacques,O'Neill,https://static.wikia.nocookie.net/loveisland/images/7/7c/S8_Jacques_O%27Neill.jpg/revision/latest?cb=20220622213127,Male,24,"May 8, 1999",08-05-1999,Taurus,Professional Rugby League Player,"Cumbria, England",Day 7,Day 37,Walked,,
Chyna,Mills,https://static.wikia.nocookie.net/loveisland/images/7/71/S8_Chyna_Mills.jpg/revision/latest?cb=20220703141607,Female,25,"November 24, 1998",24-11-1998,Sagittarius,Youth Support Worker,"Southampton, England",Day 27,Day 35,Dumped,Neil Jones (fiancé),"Havana (daughter, b. 2023)"
Jay,Younger,https://static.wikia.nocookie.net/loveisland/images/9/91/S8_Jay_Younger.jpg/revision/latest?cb=20220614142451,Male,30,"November 8, 1993",08-11-1993,Scorpio,Investment Analyst,"Edinburgh, Scotland",Day 9,Day 35,Dumped,,
Cheyanne,Kerr,https://static.wikia.nocookie.net/loveisland/images/2/25/S8_Cheyanne_Kerr.jpg/revision/latest?cb=20220703141547,Female,25,"September 6, 1998",06-09-1998,Virgo,Cabin Crew Employee,"Barnsley, England",Day 27,Day 31,Dumped,,
George,Tasker,https://static.wikia.nocookie.net/loveisland/images/e/e9/S8_George_Tasker.jpg/revision/latest?cb=20220701221228,Male,25,"July 7, 1998",07-07-1998,Cancer,Labourer,"Cotswolds, England",Day 26,Day 31,Dumped,,
Jack,Keating,https://static.wikia.nocookie.net/loveisland/images/6/69/S8_Jack_Keating.jpg/revision/latest?cb=20220701221316,Male,25,"March 15, 1999",15-03-1999,Pisces,Social Media Marketing,"Dublin, Ireland",Day 26,Day 31,Dumped,,"Maya (daughter, b. 2023)"
Jazmine,Nichol,https://static.wikia.nocookie.net/loveisland/images/8/80/S8_Jazmine_Nichol.jpg/revision/latest?cb=20220703141652,Female,23,"October 28, 2000",28-10-2000,Scorpio,Nightclub Manager,"Newcastle, England",Day 27,Day 31,Dumped,,
Mollie,Salmon,https://static.wikia.nocookie.net/loveisland/images/9/97/S8_Mollie_Salmon.jpg/revision/latest?cb=20220703141708,Female,,,,Capricorn,MakeUp Artist,"Southampton, England",Day 27,Day 31,Dumped,,
Samuel,Agbiji,https://static.wikia.nocookie.net/loveisland/images/5/52/S8_Samuel_Agbiji.jpg/revision/latest?cb=20220701221421,Male,23,"May 25, 2000",25-05-2000,Gemini,Model,"Manchester, England",Day 26,Day 31,Dumped,,
Antigoni,Buxton,https://static.wikia.nocookie.net/loveisland/images/2/28/S8_Antigoni_Buxton.jpg/revision/latest?cb=20220622213042,Female,28,"March 9, 1996",09-03-1996,Pisces,Singer,"London, England",Day 17,Day 25,Dumped,,
Charlie,Radnedge,https://static.wikia.nocookie.net/loveisland/images/3/39/S8_Charlie_Radnedge.jpg/revision/latest?cb=20220622213242,Male,30,"February 4, 1994",04-02-1994,Aquarius,Real Estate Agent,"London, England",Day 17,Day 25,Dumped,,
Amber,Beckford,https://static.wikia.nocookie.net/loveisland/images/5/5f/S8_Amber_Beckford.jpg/revision/latest?cb=20220622194900,Female,25,"May 29, 1998",29-05-1998,Gemini,Nanny,"London, England",Day 1,Day 15,Dumped,,
Ikenna,Ekwonna,https://static.wikia.nocookie.net/loveisland/images/6/6c/S8_Ikenna_Ekwonna.jpg/revision/latest?cb=20220622200224,Male,25,"February 22, 1999",22-02-1999,Pisces,Pharmaceutical Sales,"Nottingham, England",Day 1,Day 15,Dumped,,
Remi,Lambert,https://static.wikia.nocookie.net/loveisland/images/4/42/S8_Remi_Lambert.jpg/revision/latest?cb=20220614142508,Male,24,"March 2, 2000",02-03-2000,Pisces,Model,"Manchester, England",Day 9,Day 12,Dumped,,
Afia,Tonkmor,https://static.wikia.nocookie.net/loveisland/images/d/df/S8_Afia_Tonkmor.jpg/revision/latest?cb=20220622194214,Female,27,"August 8, 1996",08-08-1996,Leo,Lounge Host,"London, England",Day 3,Day 8,Dumped,,
Liam,Llewellyn,https://static.wikia.nocookie.net/loveisland/images/6/69/S8_Liam_Llewellyn.jpg/revision/latest?cb=20220622195116,Male,24,"July 25, 1999",25-07-1999,Leo,Student,"Newport, South Wales",Day 1,Day 5,Walked,,
Kai,Fagan,https://static.wikia.nocookie.net/loveisland/images/1/15/S9_Kai_Fagan.jpg/revision/latest?cb=20230109224431,Male,25,"June 21, 1998",21-06-1998,Cancer,Science and PE teacher,"Manchester, England",Day 1,Day 58,Winner,,
Sanam,Harrinanan,https://static.wikia.nocookie.net/loveisland/images/0/0f/S9_Sanam_Harrinanan.jpg/revision/latest?cb=20230212001405,Female,25,"May 17, 1998",17-05-1998,Taurus,Social Worker,"Bedford, England",Day 29,Day 58,Winner,,
Lana,Jenkins,https://static.wikia.nocookie.net/loveisland/images/f/f8/S9_Lana_Jenkins.jpg/revision/latest?cb=20230109224433,Female,26,"November 9, 1997",09-11-1997,Scorpio,Makeup artist,"Luton, England",Day 1,Day 58,Runner-Up,,
Ron,Hall,https://static.wikia.nocookie.net/loveisland/images/c/ca/S9_Ron_Hall.jpg/revision/latest?cb=20230614152853,Male,26,"August 20, 1997",20-08-1997,Leo,Financial advisor,"Essex, England",Day 1,Day 58,Runner-Up,,
Samie,Elishi,https://static.wikia.nocookie.net/loveisland/images/d/db/S9_Samie_Elishi.jpg/revision/latest?cb=20230130150329,Female,24,"February 15, 2000",15-02-2000,Aquarius,Senior estate agent coordinator,"London, England",Day 14,Day 58,3rd Place,,
Tom,Clare,https://static.wikia.nocookie.net/loveisland/images/3/3b/All_Stars_Tom_Clare.jpg/revision/latest?cb=20240126181311,Male,24,"September 2, 1999",02-09-1999,Virgo,Football Player,"Barnsley, England",Day 1,Day 58,3rd Place,,
Shaq,Muhammad,https://static.wikia.nocookie.net/loveisland/images/5/58/S9_Shaq_Muhammad.jpg/revision/latest?cb=20230109224440,Male,26,"March 31, 1998",31-03-1998,Aries,Airport security officer,"London, England",Day 1,Day 58,4th Place,,
Tanya,Manhenga,https://static.wikia.nocookie.net/loveisland/images/7/70/S9_Tanya_Manhenga.jpg/revision/latest?cb=20230109224443,Female,24,"January 31, 2000",31-01-2000,Aquarius,Student and influencer,"Liverpool, England",Day 1,Day 58,4th Place,,
Jessie,Wynter,https://static.wikia.nocookie.net/loveisland/images/9/90/S9_Jessie_Wynter.jpg/revision/latest?cb=20230122164554,Female,27,"September 28, 1996",28-09-1996,Libra,Personal TrainerInfluencerWaitress (former),"Tasmania, Australia",Day 1,Day 34,Dumped,,
Will,Young,https://static.wikia.nocookie.net/loveisland/images/a/a6/S9_Will_Young.jpg/revision/latest?cb=20230109224449,Male,24,"September 3, 1999",03-09-1999,Virgo,Farmer,"Buckinghamshire, England",Day 1,Day 56,Dumped,,
Casey,O'Gorman,https://static.wikia.nocookie.net/loveisland/images/3/38/All_Stars_Casey_O%27Gorman.jpg/revision/latest?cb=20240131215107,Male,27,"October 31, 1996",31-10-1996,Scorpio,Recruitment Consultant,"Tring, England",Day 17,Day 51,Dumped,,
Rosie,Seabrook,https://static.wikia.nocookie.net/loveisland/images/4/43/S9_Rosie_Seabrook.jpg/revision/latest?cb=20230301231158,Female,25,"July 23, 1998",23-07-1998,Leo,Industry Placement Advisor,"Buckinghamshire, England",Day 39,Day 51,Dumped,,
Claudia,Fogarty,https://static.wikia.nocookie.net/loveisland/images/8/8a/S9_Claudia_Fogarty.jpg/revision/latest?cb=20230209154352,Female,29,"August 9, 1994",09-08-1994,Leo,Fashion boutique owner,"Blackburn, England",Day 23,Day 45,Dumped,,
Keanan,Brand,https://static.wikia.nocookie.net/loveisland/images/8/89/S9_Keanan_Brand.jpg/revision/latest?cb=20230223230034,Male,25,"January 8, 1999",08-01-1999,Capricorn,Pro rugby player,"Wigan, England",Day 39,Day 45,Dumped,,
Maxwell,Samuda,https://static.wikia.nocookie.net/loveisland/images/0/0f/S9_Maxwell_Samuda.jpg/revision/latest?cb=20230212002212,Male,25,"April 16, 1999",16-04-1999,Aries,Finance Student and Restaurant Host,"London, England",Day 28,Day 45,Dumped,,
Olivia,Hawkins,https://static.wikia.nocookie.net/loveisland/images/0/0b/S9_Olivia_Hawkins.jpg/revision/latest?cb=20230109224436,Female,28,"June 20, 1995",20-06-1995,Gemini,Ring girl and actress,"Brighton, England",Day 1,Day 45,Dumped,,
Martin,Akinola,https://static.wikia.nocookie.net/loveisland/images/d/da/S9_Martin_Akinola.jpg/revision/latest?cb=20230212002211,Male,28,"December 14, 1995",14-12-1995,Sagittarius,Senior Software Engineer,"Dublin, Ireland",Day 28,Day 40,Dumped,,
Bayley,Mummery,https://static.wikia.nocookie.net/loveisland/images/4/4a/S9_Bayley_Mummery.jpg/revision/latest?cb=20230212002200,Male,26,"July 3, 1997",03-07-1997,Cancer,Operations Manager,"Surrey, England",Day 28,Day 32,Dumped,,
Cynthia,Otseh-Taiwo,https://static.wikia.nocookie.net/loveisland/images/d/d2/S9_Cynthia_Otseh-Taiwo.jpg/revision/latest?cb=20230212002202,Female,26,"August 24, 1997",24-08-1997,Virgo,Dental Receptionist and Baker,"North London, England",Day 29,Day 32,Dumped,,
Frankie,Davey,https://static.wikia.nocookie.net/loveisland/images/3/3c/S9_Frankie_Davey.jpg/revision/latest?cb=20230212002204,Male,23,"December 24, 2000",24-12-2000,Capricorn,Pro Boxer,"Ipswich, England",Day 28,Day 32,Dumped,,
Kain,Reed,https://static.wikia.nocookie.net/loveisland/images/e/e5/S9_Kain_Reed.jpg/revision/latest?cb=20230212002205,Male,22,"November 28, 2001",28-11-2001,Sagittarius,Energy Consultant,"Gateshead, England",Day 28,Day 32,Dumped,,
Layla,Al-Momani,https://static.wikia.nocookie.net/loveisland/images/5/58/S9_Layla_Al-Momani.jpg/revision/latest?cb=20230212002206,Female,29,"November 9, 1994",09-11-1994,Scorpio,Brand Managing Director,"Kingston, England",Day 29,Day 32,Dumped,,
Lydia,Karakyriakou,https://static.wikia.nocookie.net/loveisland/images/5/52/S9_Lydia_Karakyriakou.jpg/revision/latest?cb=20230212002455,Female,23,"July 25, 2000",25-07-2000,Leo,Retail Customer Assistant,"Glasgow, Scotland",Day 29,Day 32,Dumped,,
Lynda,Flix,https://static.wikia.nocookie.net/loveisland/images/2/24/S9_Lynda_Flix.jpg/revision/latest?cb=20230212002209,Female,23,"June 20, 2000",20-06-2000,Gemini,Healthcare Assistant and Singer,"Salford, England",Day 29,Day 32,Dumped,,
Ryan,Weekley,https://static.wikia.nocookie.net/loveisland/images/a/a9/S9_Ryan_Weekley.jpg/revision/latest?cb=20230212002214,Male,23,"November 8, 2000",08-11-2000,Scorpio,Steel Erector,"Nottingham, England",Day 28,Day 32,Dumped,,
Sammy,James,https://static.wikia.nocookie.net/loveisland/images/1/1d/S9_Sammy_James.jpg/revision/latest?cb=20230212002215,Female,28,April 1995,01-04-1995,Aries,Beauty Buyer,"Leicester, England",Day 29,Day 32,Dumped,,
Ellie,Spence,https://static.wikia.nocookie.net/loveisland/images/9/90/S9_Ellie_Spence.jpg/revision/latest?cb=20230112194500,Female,26,"November 28, 1997",28-11-1997,Sagittarius,Business Development Executive,"Norwich, England",Day 10,Day 26,Dumped,,
Jordan,Odofin,https://static.wikia.nocookie.net/loveisland/images/d/d8/S9_Jordan_Odofin.jpg/revision/latest?cb=20230212000458,Male,29,"May 14, 1994",14-05-1994,Taurus,Senior HR Advisor,"London, England",Day 17,Day 26,Dumped,,
Tanyel,Revan,https://static.wikia.nocookie.net/loveisland/images/5/54/S9_Tanyel_Revan.jpg/revision/latest?cb=20230109224446,Female,27,"May 16, 1996",16-05-1996,Taurus,Hair Stylist,"North London, England",Day 1,Day 24,Dumped,,
Aaron,Waters,https://static.wikia.nocookie.net/loveisland/images/4/46/S9_Aaron_Waters.jpg/revision/latest?cb=20230122164553,Male,26,"September 12, 1997",12-09-1997,Virgo,Model,"Perth, Western Australia",Day 1,Day 45,Runner-Up,,
Spencer,Wilks,https://static.wikia.nocookie.net/loveisland/images/8/86/S9_Spencer_Wilks.jpg/revision/latest?cb=20230130150342,Male,24,,,Capricorn,ECommerce Business Owner,"Bournemouth, England",Day 10,Day 19,Dumped,,
Zara,Lackenby-Brown,https://static.wikia.nocookie.net/loveisland/images/a/a7/S9_Zara_Lackenby-Brown.jpg/revision/latest?cb=20230118175558,Female,26,"August 12, 1997",12-08-1997,Leo,Model,"London, England",Day 3,Day 16,Dumped,,
Anna-May,Robey,https://static.wikia.nocookie.net/loveisland/images/1/10/S9_Anna-May_Robey.jpg/revision/latest?cb=20230109224428,Female,21,"May 12, 2002",12-05-2002,Taurus,Payroll administrator,"Swansea, Wales",Day 1,Day 9,Dumped,,
Haris,Namani,https://static.wikia.nocookie.net/loveisland/images/2/20/S9_Haris_Namani.jpg/revision/latest?cb=20230109224430,Male,22,"December 16, 2001",16-12-2001,Sagittarius,TV Salesman,"Doncaster, England",Day 1,Day 9,Dumped,,
David,Salako,https://static.wikia.nocookie.net/loveisland/images/2/2d/S9_David_Salako.jpg/revision/latest?cb=20230118175551,Male,26,"February 13, 1998",13-02-1998,Aquarius,Money Adviser,"Essex, England",Day 3,Day 5,Dumped,,
Jess,Harding,https://static.wikia.nocookie.net/loveisland/images/1/1c/S10_Jess_Harding.jpg/revision/latest?cb=20230612134030,Female,23,"September 12, 2000",12-09-2000,Virgo,Aesthetics Practitioner,"London, England",Day 1,Day 58,Winner,,
Sammy,Root,https://static.wikia.nocookie.net/loveisland/images/4/40/S10_Sammy_Root.jpg/revision/latest?cb=20230612090524,Male,22,,,Capricorn,Project Manager,"Kent, England",Day 4,Day 58,Winner,,
Lochan,Nowacki,https://static.wikia.nocookie.net/loveisland/images/e/ec/S10_Lochan_Nowacki.jpg/revision/latest?cb=20230705181912,Male,25,,,Capricorn,Account Manager,"Windsor, England",Day 26,Day 58,Runner-Up,,
Whitney,Adebayo,https://static.wikia.nocookie.net/loveisland/images/1/14/S10_Whitney_Adebayo.jpg/revision/latest?cb=20230612134017,Female,26,"November 20, 1997",20-11-1997,Scorpio,Entrepreneur,"London, England",Day 3,Day 58,Runner-Up,,
Ella,Thomas,https://static.wikia.nocookie.net/loveisland/images/6/6b/S10_Ella_Thomas.jpg/revision/latest?cb=20230529135033,Female,24,"April 23, 2000",23-04-2000,Taurus,Model,"Glasgow, Scotland",Day 1,Day 58,3rd Place,,
Tyrique,Hyde,https://static.wikia.nocookie.net/loveisland/images/7/78/S10_Tyrique_Hyde.jpg/revision/latest?cb=20230612133928,Male,25,"April 8, 1999",08-04-1999,Aries,Football Player,"Essex, England",Day 1,Day 58,3rd Place,,
Molly,Marsh,https://static.wikia.nocookie.net/loveisland/images/a/a5/S10_Molly_Marsh.jpg/revision/latest?cb=20230529135034,Female,22,"August 26, 2001",26-08-2001,Virgo,Musical theatre performerSocial Media creator,"Doncaster, England",Day 1Day 27 (re-entered),Day 19Day 58,4th Place,,
Zachariah,Noble,https://static.wikia.nocookie.net/loveisland/images/1/10/S10_Zachariah_Noble.jpg/revision/latest?cb=20230606102349,Male,26,"June 13, 1997",13-06-1997,Gemini,Personal TrainerBasketball Player,"London, England",Day 1,Day 58,4th Place,,
Ella,Barnes,https://static.wikia.nocookie.net/loveisland/images/c/ca/S10_Ella_Barnes.jpg/revision/latest?cb=20230714194152,Female,24,"September 20, 1999",20-09-1999,Virgo,Championship DancerModel,"Kent, England",Day 39,Day 56,Dumped,,
Mitchel,Taylor,https://static.wikia.nocookie.net/loveisland/images/b/bb/All_Stars_Mitchel_Taylor.jpg/revision/latest?cb=20240118211848,Male,27,"June 10, 1996",10-06-1996,Gemini,Gas engineer,"Sheffield, England",Day 1,Day 56,Dumped,,
Abi,Moores,https://static.wikia.nocookie.net/loveisland/images/3/3b/S10_Abi_Moores.jpg/revision/latest?cb=20230705181858,Female,26,"April 2, 1998",02-04-1998,Aries,Flight Attendant,"Hampshire, England",Day 27,Day 52,Dumped,,
Scott,van-der-Sluis,https://static.wikia.nocookie.net/loveisland/images/e/ed/LIG_Scott_van-der-Sluis.jpg/revision/latest?cb=20240104001812,Male,23,"January 9, 2001",09-01-2001,Capricorn,Football Player,"Connah's Quay, Wales",Day 11,Day 52,Dumped,,
Amber,Wise,https://static.wikia.nocookie.net/loveisland/images/4/40/S10_Amber_Wise.jpg/revision/latest?cb=20230705181900,Female,20,"January 28, 2004",28-01-2004,Aquarius,Graphic Design Student,"Kensington, England",Day 27,Day 44,Dumped,,
Josh,Brocklebank,https://static.wikia.nocookie.net/loveisland/images/0/01/S10_Josh_Brocklebank.jpg/revision/latest?cb=20230714194154,Male,27,"November 28, 1996",28-11-1996,Sagittarius,Financial Advisor,"Essex, England",Day 39,Day 44,Dumped,,
Kady,McDermott,https://static.wikia.nocookie.net/loveisland/images/0/0f/S10_Kady_McDermott.jpg/revision/latest?cb=20230626083806,Female,28,"September 4, 1995",04-09-1995,Virgo,Makeup Artist,"Stevenage, England",Day 3,Day 45,3rd Place,,
Kady,McDermott,https://static.wikia.nocookie.net/loveisland/images/0/0f/S10_Kady_McDermott.jpg/revision/latest?cb=20230626083806,Female,28,"September 4, 1995",04-09-1995,Virgo,Makeup Artist,"Stevenage, England",Day 3,Day 45,3rd Place,,
Ouzy,See,https://static.wikia.nocookie.net/loveisland/images/1/1b/S10_Ouzy_See.jpg/revision/latest?cb=20230705181915,Male,29,"August 25, 1994",25-08-1994,Virgo,ModelFootball PlayerTradesman,"Edinburgh, Scotland",Day 26,Day 44,Dumped,,
Catherine,Agbaje,https://static.wikia.nocookie.net/loveisland/images/7/70/S10_Catherine_Agbaje.jpg/revision/latest?cb=20230529135031,Female,23,"June 23, 2000",23-06-2000,Cancer,Commercial real estate agent,"Dublin, Ireland",Day 1,Day 38,Dumped,,
Elom,Ahlijah-Wilson,https://static.wikia.nocookie.net/loveisland/images/b/bd/S10_Elom_Ahlijah-Wilson.jpg/revision/latest?cb=20230705181906,Male,23,"March 14, 2001",14-03-2001,Pisces,MasseuseFitness Trainer,"London, England",Day 26,Day 38,Dumped,,
Leah,Taylor,https://static.wikia.nocookie.net/loveisland/images/1/1f/S10_Leah_Taylor.jpg/revision/latest?cb=20230612134004,Female,28,"January 30, 1996",30-01-1996,Aquarius,Business Owner,"Manchester, England",Day 8,Day 38,Dumped,,
Montel,McKenzie,https://static.wikia.nocookie.net/loveisland/images/e/e2/S10_Montel_McKenzie.jpg/revision/latest?cb=20230620222510,Male,26,"December 31, 1997",31-12-1997,Capricorn,Account ManagerFootball Player,"London, England",Day 16,Day 38,Dumped,,
Benjamin,Noel,https://static.wikia.nocookie.net/loveisland/images/e/e3/S10_Benjamin_Noel.jpg/revision/latest?cb=20230705181902,Male,27,"October 5, 1996",05-10-1996,Libra,Fitness Business Owner,"London, England",Day 26,Day 31,Dumped,,
Danielle,Mazhindu,https://static.wikia.nocookie.net/loveisland/images/7/7c/S10_Danielle_Mazhindu.jpg/revision/latest?cb=20230705181904,Female,26,"February 12, 1998",12-02-1998,Aquarius,Recruitment AssistantOccupational Therapy Student,"Liverpool, England",Day 27,Day 31,Dumped,,
Gabby,Jeffery,https://static.wikia.nocookie.net/loveisland/images/6/6e/S10_Gabby_Jeffery.jpg/revision/latest?cb=20230705181907,Female,25,"September 13, 1998",13-09-1998,Virgo,Creative Assistant,"Tyneside, England",Day 27,Day 31,Dumped,,
Kodie,Murphy,https://static.wikia.nocookie.net/loveisland/images/1/11/S10_Kodie_Murphy.jpg/revision/latest?cb=20230705181911,Male,,,,Capricorn,Social Media Marketer,"Birmingham, England",Day 26,Day 31,Dumped,,
Tink,Reading,https://static.wikia.nocookie.net/loveisland/images/9/9f/S10_Tink_Reading.jpg/revision/latest?cb=20230705181917,Female,26,"May 24, 1997",24-05-1997,Gemini,Project Manager,"Birmingham, England",Day 27,Day 31,Dumped,,
Zachary,Ashford,https://static.wikia.nocookie.net/loveisland/images/6/65/S10_Zachary_Ashford.jpg/revision/latest?cb=20230705181918,Male,28,"November 9, 1995",09-11-1995,Scorpio,Senior Sales Executive,"Manchester, England",Day 26,Day 31,Dumped,,
Mal,Nicol,https://static.wikia.nocookie.net/loveisland/images/e/e5/S10_Malissa_Nicol.jpg/revision/latest?cb=20230620222529,Female,26,"September 10, 1997",10-09-1997,Virgo,Picture researcher,"Edinburgh, Scotland",Day 16,Day 23,Dumped,,
Mehdi,Edno,https://static.wikia.nocookie.net/loveisland/images/f/fb/S10_Mehdi_Edno.jpg/revision/latest?cb=20230612133905,Male,26,,,Capricorn,Communications manager,"London, EnglandBordeaux, France",Day 1,Day 23,Dumped,,
André,Furtado,https://static.wikia.nocookie.net/loveisland/images/b/b6/S10_Andre_Furtado.jpg/revision/latest?cb=20230529135029,Male,21,"May 15, 2002",15-05-2002,Taurus,Business owner,"Birmingham, England",Day 1,Day 12,Dumped,,
Charlotte,Sumner,https://static.wikia.nocookie.net/loveisland/images/a/a3/S10_Charlotte_Sumner.jpg/revision/latest?cb=20230612133941,Female,30,"May 31, 1993",31-05-1993,Gemini,Dental Nurse,"Bournemouth, England",Day 8,Day 12,Dumped,,
Ruchee,Gurung,https://static.wikia.nocookie.net/loveisland/images/5/59/S10_Ruchee_Gurung.jpg/revision/latest?cb=20230529135059,Female,25,"September 5, 1998",05-09-1998,Virgo,Beautician,"Sutton, England",Day 1,Day 9,Dumped,,
George,Fensom,https://static.wikia.nocookie.net/loveisland/images/e/ea/S10_George_Fensom.jpg/revision/latest?cb=20230612133951,Male,24,,,Capricorn,Business development executive,"Bedford, England",Day 1,Day 5,Dumped,,
