Unnamed: 0,name,birthdate,Day,Month,Year
,Jessica Hayes,22-04-1993,22,4,1993
,Max Morley,24-01-1993,24,1,1993
,Hannah Elizabeth,09-03-1990,9,3,1990
,Jon Clark,06-09-1989,6,9,1989
,Josh Ritchie,21-05-1994,21,5,1994
,Lauren Richardson,29-01-1989,29,1,1989
,Cally Jane Beech,01-10-1991,1,10,1991
,Luis Morrison,22-07-1994,22,7,1994
,Jordan Ring,29-06-1983,29,6,1983
,Zoe Basia Brown,26-11-1990,26,11,1990
,Ben Porter,10-06-1991,10,6,1991
,Poppy Farnan,12-06-1993,12,6,1993
,Naomi Ball,02-07-1991,2,7,1991
,Travis Almond,19-01-1993,19,1,1993
,Omar Sultani,15-11-1992,15,11,1992
,Bethany Rogers,20-12-1995,20,12,1995
,Daisy Muller,14-11-1990,14,11,1990
,Chris Williamson,28-11-1987,28,11,1987
,Chris Baxter,08-08-1994,8,8,1994
,Danielle Pyne,10-09-1991,10,9,1991
,Rachel Christie,24-07-1988,24,7,1988
,John Alberti,06-05-1986,6,5,1986
,Tony Alberti,06-05-1986,6,5,1986
,Cara De La Hoyde-Massey,10-07-1990,10,7,1990
,Nathan Massey,27-06-1992,27,6,1992
,Alex Bowen,23-07-1991,23,7,1991
,Olivia Bowen,03-01-1994,3,1,1994
,Kady McDermott,04-09-1995,4,9,1995
,Scott Thomas,11-08-1988,11,8,1988
,Adam Maxted,27-03-1992,27,3,1992
,Katie Salmon,24-11-1995,24,11,1995
,Emma Jane Woodham,30-11-1996,30,11,1996
,Terry Walsh,04-07-1988,4,7,1988
,Adam Jukes,11-07-1992,11,7,1992
,Lauren Whiteside,06-07-1990,6,7,1990
,Tina Stinnes,25-02-1995,25,2,1995
,Sophie Gradon,25-10-1985,25,10,1985
,Troy Frith,10-09-1993,10,9,1993
,Tom Powell,26-12-1991,26,12,1991
,Liana Isadora Van Riel,09-08-1995,9,8,1995
,Oliver Maxwell Fernandez,,,,
,Malin Andersson,20-10-1992,20,10,1992
,Zara Holland,24-08-1995,24,8,1995
,James Khan,03-05-1996,3,5,1996
,Rykard Jenkins,10-03-1991,10,3,1991
,Daniel Lukakis,24-01-1992,24,1,1992
,Rachel Fenton,18-09-1992,18,9,1992
,Malia Arkian,24-06-1989,24,6,1989
,Javi Shephard,12-05-1989,12,5,1989
,Amber Davies,04-10-1996,4,10,1996
,Kem Cetinay,25-04-1996,25,4,1996
,Camilla Thurlow,09-07-1989,9,7,1989
,Jamie Jewitt,06-05-1990,6,5,1990
,Chris Hughes,22-12-1992,22,12,1992
,Olivia Attwood,02-05-1991,2,5,1991
,Gabby Allen,06-02-1992,6,2,1992
,Marcel Somerville,07-01-1986,7,1,1986
,Alex Beattie,06-11-1994,6,11,1994
,Montana Brown,29-08-1995,29,8,1995
,Georgia Harrison,12-12-1994,12,12,1994
,Sam Gowland,02-08-1995,2,8,1995
,Mike Thalassitis,19-01-1993,19,1,1993
,Tyla Carr,29-01-1993,29,1,1993
,Theo Campbell,14-07-1991,14,7,1991
,Jonny Mitchell,21-02-1991,21,2,1991
,Craig Lawson,31-07-1990,31,7,1990
,Nathan Joseph,01-02-1992,1,2,1992
,Danielle Sellers,14-05-1995,14,5,1995
,Chyna Ellis,24-08-1994,24,8,1994
,Amelia Peters,08-11-1998,8,11,1998
,Dominic Lever,24-01-1991,24,1,1991
,Ellisha-Jade White,31-07-1994,31,7,1994
,Marino Katsouris,10-12-1994,10,12,1994
,Rob Lipsett,17-01-1992,17,1,1992
,Shannen McGrath,05-01-1994,5,1,1994
,Steve Ball,,,,
,Simon Searles,15-03-1988,15,3,1988
,Chloë Crowhurst,17-12-1996,17,12,1996
,Jessica Lever,11-06-1993,11,6,1993
,Tyne-Lexy Clarson,02-02-1997,2,2,1997
,Harley Judge,08-09-1994,8,9,1994
,Dani Dyer,08-08-1996,8,8,1996
,Jack Fincham,09-05-1992,9,5,1992
,Laura Anderson,27-04-1989,27,4,1989
,Paul Knops,11-11-1986,11,11,1986
,Josh Denzel,22-06-1991,22,6,1991
,Kaz Crossley,19-01-1994,19,1,1994
,Megan Barton Hanson,06-03-1994,6,3,1994
,Wes Nelson,03-05-1998,3,5,1998
,Alex George,15-02-1990,15,2,1990
,Alexandra Cane,09-06-1991,9,6,1991
,Jack Fowler,01-01-1996,1,1,1996
,Laura Crane,17-01-1995,17,1,1995
,Josh Mair,22-10-1996,22,10,1996
,Stephanie Lam,13-03-1995,13,3,1995
,Georgia Steel,28-03-1998,28,3,1998
,Sam Bird,28-11-1992,28,11,1992
,Charlie Brake,05-01-1995,5,1,1995
,Ellie Brown,25-02-1998,25,2,1998
,Idris Virgo,11-06-1993,11,6,1993
,Kieran Nicholls,05-04-1992,5,4,1992
,Samira Mighty,16-11-1995,16,11,1995
,Frankie Foster,17-01-1996,17,1,1996
,Grace Wardle,20-08-1993,20,8,1993
,Adam Collard,27-10-1995,27,10,1995
,Alex Miller,21-02-1990,21,2,1990
,Darylle Sargeant,24-09-1993,24,9,1993
,Ellie Jones,10-02-1996,10,2,1996
,Charlie Williams,16-03-1994,16,3,1994
,Dean Overson,16-06-1993,16,6,1993
,Jordan Adefeyisan,22-09-1995,22,9,1995
,Savanna Darnell,28-10-1995,28,10,1995
,Zara McDermott,14-12-1996,14,12,1996
,Eyal Booker,02-08-1995,2,8,1995
,Rosie Williams,26-09-1991,26,9,1991
,Charlie Frederick,10-11-1995,10,11,1995
,Hayley Hughes,27-06-1996,27,6,1996
,Niall Aslam,13-07-1995,13,7,1995
,Kendall Rae-Knight,28-01-1992,28,1,1992
,Amber Gill,04-08-1997,4,8,1997
,Greg O'Shea,23-03-1995,23,3,1995
,Molly-Mae Hague,25-05-1999,25,5,1999
,Tommy Fury,07-05-1999,7,5,1999
,India Reynolds,20-12-1990,20,12,1990
,Ovie Soko,07-02-1991,7,2,1991
,Curtis Pritchard,08-02-1996,8,2,1996
,Maura Higgins,25-11-1990,25,11,1990
,Anton Danyluk,06-09-1994,6,9,1994
,Belle Hassan,06-03-1998,6,3,1998
,Anna Vakili,09-07-1990,9,7,1990
,Chris Taylor,31-07-1990,31,7,1990
,Harley Brash,05-10-1998,5,10,1998
,Jordan Hames,06-03-1995,6,3,1995
,Francesca Allen,07-11-1995,7,11,1995
,Michael Griffiths,02-10-1991,2,10,1991
,Joanna Chimonides,15-10-1996,15,10,1996
,Marvin Brooks,06-08-1989,6,8,1989
,Amy Hart,19-07-1993,19,7,1993
,George Rains,10-12-1996,10,12,1996
,Lucie Donlan,22-02-1998,22,2,1998
,Danny Williams,05-08-1997,5,8,1997
,Jourdan Riane,18-03-1995,18,3,1995
,Dan Rose,25-05-1998,25,5,1998
,Dennon Lewis,09-05-1997,9,5,1997
,Lavena Back,15-12-1995,15,12,1995
,Maria Wild,02-05-1997,2,5,1997
,Nabila Badda,22-12-1989,22,12,1989
,Stevie Bradley,21-02-1998,21,2,1998
,Arabella Chi,19-03-1991,19,3,1991
,Tom Walker,01-01-1990,1,1,1990
,Yewande Biala,26-10-1995,26,10,1995
,Elma Pazar,07-07-1992,7,7,1992
,Joe Garratt,25-08-1996,25,8,1996
,Sherif Lanre,17-04-1999,17,4,1999
,Callum Macleod,01-09-1990,1,9,1990
,Finley Tapp,09-11-1999,9,11,1999
,Paige Turley,14-08-1997,14,8,1997
,Luke Trotman,04-06-1997,4,6,1997
,Siannise Fudge,05-07-1994,5,7,1994
,Demi Jones,02-07-1998,2,7,1998
,Luke Mabbott,04-05-1995,4,5,1995
,Ched Uzor,27-07-1996,27,7,1996
,Jess Gale,08-05-1999,8,5,1999
,Mike Boateng,04-08-1995,4,8,1995
,Priscilla Anyabu,07-12-1994,7,12,1994
,Callum Jones,12-07-1996,12,7,1996
,Molly Smith,25-04-1994,25,4,1994
,Jamie Clayton,01-01-1991,1,1,1991
,Natalia Zoppa,05-07-1999,5,7,1999
,Shaughna Phillips,11-04-1994,11,4,1994
,Eva Zapico,23-07-1998,23,7,1998
,Jordan Waobikeze,01-01-1995,1,1,1995
,Nas Majeed,24-02-1996,24,2,1996
,Rebecca Gormley,18-04-1998,18,4,1998
,Alexi Eraclides,11-05-1996,11,5,1996
,Biggs Chris,15-05-1992,15,5,1992
,George Day,08-02-1992,8,2,1992
,Jade Affleck,28-11-1994,28,11,1994
,Jamie McCann,03-01-1996,3,1,1996
,Josh Kempton,04-11-1998,4,11,1998
,Sophie Piper,27-10-1998,27,10,1998
,Wallace Wilson,04-11-1995,4,11,1995
,Leanne Amaning,02-06-1997,2,6,1997
,Connor Durman,11-06-1994,11,6,1994
,Connagh Howard,26-04-1992,26,4,1992
,Eve Gale,08-05-1999,8,5,1999
,Ollie Williams,18-01-1996,18,1,1996
,Liam Reardon,18-08-1999,18,8,1999
,Millie Court,04-12-1996,4,12,1996
,Chloe Burrows,26-09-1995,26,9,1995
,Toby Aromolaran,03-03-1999,3,3,1999
,Faye Winter,21-06-1995,21,6,1995
,Teddy Soares,06-04-1995,6,4,1995
,Kaz Kamwi,27-10-1994,27,10,1994
,Tyler Cruickshank,12-05-1995,12,5,1995
,Jake Cornish,17-04-1997,17,4,1997
,Liberty Poole,02-09-1999,2,9,1999
,Aaron Simpson,07-03-1997,7,3,1997
,Mary Bedford,14-07-1999,14,7,1999
,Brett Staniland,28-11-1993,28,11,1993
,Priya Gopaldas,26-10-1997,26,10,1997
,Matthew MacNabb,05-01-1995,5,1,1995
,Abigail Rawlings,28-02-1994,28,2,1994
,Dale Mehmet,17-11-1996,17,11,1996
,Amy Day,15-12-1995,15,12,1995
,Clarisse Juliette,02-05-1998,2,5,1998
,Hugo Hammond,07-08-1996,7,8,1996
,Sam Jackson,07-03-1998,7,3,1998
,Harry Young,24-04-1997,24,4,1997
,Jack Barlow,08-06-1995,8,6,1995
,Kaila Troy,16-02-1993,16,2,1993
,Lillie Haynes,10-11-1998,10,11,1998
,Medhy Malanda,25-03-1997,25,3,1997
,Salma Naran,30-05-2001,30,5,2001
,Aaron Francis,29-09-1996,29,9,1996
,Lucinda Strafford,04-11-1999,4,11,1999
,Georgia Townend,01-01-1993,1,1,1993
,Andrea-Jane Bunker,09-12-1992,9,12,1992
,Danny Bibby,28-11-1995,28,11,1995
,Sharon Gaffka,01-12-1995,1,12,1995
,Brad McClelland,10-06-1995,10,6,1995
,Rachel Finni,25-04-1992,25,4,1992
,Oliver Wallis,03-04-1998,3,4,1998
,Shannon Singh,07-07-1998,7,7,1998
,Davide Sanclimenti,01-01-1995,1,1,1995
,Ekin-Su Cülcüloğlu,21-08-1994,21,8,1994
,Gemma Owen,01-05-2003,1,5,2003
,Luca Bish,14-05-1999,14,5,1999
,Dami Hope,27-03-1996,27,3,1996
,Indiyah Polack,11-12-1998,11,12,1998
,Andrew Le Page,08-03-1995,8,3,1995
,Tasha Ghouri,11-08-1998,11,8,1998
,Adam Collard,27-10-1995,27,10,1995
,Paige Thorne,14-09-1997,14,9,1997
,Danica Taylor,13-04-2001,13,4,2001
,Jamie Allen,25-05-1995,25,5,1995
,Deji Adeniyi,14-11-1996,14,11,1996
,Lacey Edwards,09-11-1996,9,11,1996
,Nathalia Campos,14-10-1999,14,10,1999
,Reece Ford,28-11-1998,28,11,1998
,Billy Brown,09-05-1999,9,5,1999
,Summer Botwe,15-03-2000,15,3,2000
,Coco Lodge,07-01-1995,7,1,1995
,Josh Le Grove,02-10-1999,2,10,1999
,Jacques O'Neill,08-05-1999,8,5,1999
,Chyna Mills,24-11-1998,24,11,1998
,Jay Younger,08-11-1993,8,11,1993
,Cheyanne Kerr,06-09-1998,6,9,1998
,George Tasker,07-07-1998,7,7,1998
,Jack Keating,15-03-1999,15,3,1999
,Jazmine Nichol,28-10-2000,28,10,2000
,Mollie Salmon,,,,
,Samuel Agbiji,25-05-2000,25,5,2000
,Antigoni Buxton,09-03-1996,9,3,1996
,Charlie Radnedge,04-02-1994,4,2,1994
,Amber Beckford,29-05-1998,29,5,1998
,Ikenna Ekwonna,22-02-1999,22,2,1999
,Remi Lambert,02-03-2000,2,3,2000
,Afia Tonkmor,08-08-1996,8,8,1996
,Liam Llewellyn,25-07-1999,25,7,1999
,Kai Fagan,21-06-1998,21,6,1998
,Sanam Harrinanan,17-05-1998,17,5,1998
,Lana Jenkins,09-11-1997,9,11,1997
,Ron Hall,20-08-1997,20,8,1997
,Samie Elishi,15-02-2000,15,2,2000
,Tom Clare,02-09-1999,2,9,1999
,Shaq Muhammad,31-03-1998,31,3,1998
,Tanya Manhenga,31-01-2000,31,1,2000
,Jessie Wynter,28-09-1996,28,9,1996
,Will Young,03-09-1999,3,9,1999
,Casey O'Gorman,31-10-1996,31,10,1996
,Rosie Seabrook,23-07-1998,23,7,1998
,Claudia Fogarty,09-08-1994,9,8,1994
,Keanan Brand,08-01-1999,8,1,1999
,Maxwell Samuda,16-04-1999,16,4,1999
,Olivia Hawkins,20-06-1995,20,6,1995
,Martin Akinola,14-12-1995,14,12,1995
,Bayley Mummery,03-07-1997,3,7,1997
,Cynthia Otseh-Taiwo,24-08-1997,24,8,1997
,Frankie Davey,24-12-2000,24,12,2000
,Kain Reed,28-11-2001,28,11,2001
,Layla Al-Momani,09-11-1994,9,11,1994
,Lydia Karakyriakou,25-07-2000,25,7,2000
,Lynda Flix,20-06-2000,20,6,2000
,Ryan Weekley,08-11-2000,8,11,2000
,Sammy James,01-04-1995,1,4,1995
,Ellie Spence,28-11-1997,28,11,1997
,Jordan Odofin,14-05-1994,14,5,1994
,Tanyel Revan,16-05-1996,16,5,1996
,Aaron Waters,12-09-1997,12,9,1997
,Spencer Wilks,,,,
,Zara Lackenby-Brown,12-08-1997,12,8,1997
,Anna-May Robey,12-05-2002,12,5,2002
,Haris Namani,16-12-2001,16,12,2001
,David Salako,13-02-1998,13,2,1998
,Jess Harding,12-09-2000,12,9,2000
,Sammy Root,,,,
,Lochan Nowacki,,,,
,Whitney Adebayo,20-11-1997,20,11,1997
,Ella Thomas,23-04-2000,23,4,2000
,Tyrique Hyde,08-04-1999,8,4,1999
,Molly Marsh,26-08-2001,26,8,2001
,Zachariah Noble,13-06-1997,13,6,1997
,Ella Barnes,20-09-1999,20,9,1999
,Mitchel Taylor,10-06-1996,10,6,1996
,Abi Moores,02-04-1998,2,4,1998
,Scott van-der-Sluis,09-01-2001,9,1,2001
,Amber Wise,28-01-2004,28,1,2004
,Josh Brocklebank,28-11-1996,28,11,1996
,Kady McDermott,04-09-1995,4,9,1995
,Ouzy See,25-08-1994,25,8,1994
,Catherine Agbaje,23-06-2000,23,6,2000
,Elom Ahlijah-Wilson,14-03-2001,14,3,2001
,Leah Taylor,30-01-1996,30,1,1996
,Montel McKenzie,31-12-1997,31,12,1997
,Benjamin Noel,05-10-1996,5,10,1996
,Danielle Mazhindu,12-02-1998,12,2,1998
,Gabby Jeffery,13-09-1998,13,9,1998
,Kodie Murphy,,,,
,Tink Reading,24-05-1997,24,5,1997
,Zachary Ashford,09-11-1995,9,11,1995
,Mal Nicol,10-09-1997,10,9,1997
,Mehdi Edno,,,,
,André Furtado,15-05-2002,15,5,2002
,Charlotte Sumner,31-05-1993,31,5,1993
,Ruchee Gurung,05-09-1998,5,9,1998
,George Fensom,,,,